month,country,category,committed_usd,spent_usd
2024-01,Bolivia,ran_access,2263214.46,1968012.57
2024-01,Bolivia,fiber_transport,1497876.54,1302501.34
2024-01,Bolivia,core,741811.19,645053.21
2024-01,Bolivia,it_digital,749119.33,651408.12
2024-01,Bolivia,cpe,596126.96,518371.27
2024-01,Bolivia,spectrum_licenses,393605.49,342265.64
2024-01,Colombia,ran_access,5492542.23,4776123.67
2024-01,Colombia,fiber_transport,3669193.31,3190602.88
2024-01,Colombia,core,1817046.47,1580040.41
2024-01,Colombia,it_digital,1852249.18,1610651.46
2024-01,Colombia,cpe,1490381.64,1295984.04
2024-01,Colombia,spectrum_licenses,988845.77,859865.89
2024-01,Guatemala,ran_access,5800267.6,5043710.95
2024-01,Guatemala,fiber_transport,3927173.65,3414933.61
2024-01,Guatemala,core,1943722.43,1690193.42
2024-01,Guatemala,it_digital,1905795.11,1657213.14
2024-01,Guatemala,cpe,1568912.78,1364271.98
2024-01,Guatemala,spectrum_licenses,1037712.54,902358.73
2024-01,Panama,ran_access,3003967.81,2612145.92
2024-01,Panama,fiber_transport,1968801.05,1712000.91
2024-01,Panama,core,973444.72,846473.67
2024-01,Panama,it_digital,966722.37,840628.14
2024-01,Panama,cpe,772387.27,671641.1
2024-01,Panama,spectrum_licenses,505986.4,439988.17
2024-01,Paraguay,ran_access,2012439.67,1749947.54
2024-01,Paraguay,fiber_transport,1359176.59,1181892.69
2024-01,Paraguay,core,688048.82,598303.32
2024-01,Paraguay,it_digital,667135.03,580117.41
2024-01,Paraguay,cpe,546354.03,475090.46
2024-01,Paraguay,spectrum_licenses,365860.71,318139.75
2024-02,Bolivia,ran_access,2233788.06,1942424.4
2024-02,Bolivia,fiber_transport,1479256.01,1286309.57
2024-02,Bolivia,core,743189.09,646251.38
2024-02,Bolivia,it_digital,766574.3,666586.34
2024-02,Bolivia,cpe,603569.89,524843.38
2024-02,Bolivia,spectrum_licenses,395068.85,343538.13
2024-02,Colombia,ran_access,5457391.16,4745557.53
2024-02,Colombia,fiber_transport,3640446.27,3165605.45
2024-02,Colombia,core,1800140.04,1565339.17
2024-02,Colombia,it_digital,1800108.32,1565311.58
2024-02,Colombia,cpe,1479047.21,1286128.01
2024-02,Colombia,spectrum_licenses,965101.86,839219.01
2024-02,Guatemala,ran_access,5744516.51,4995231.75
2024-02,Guatemala,fiber_transport,3890563.41,3383098.62
2024-02,Guatemala,core,1949989.63,1695643.15
2024-02,Guatemala,it_digital,1889785.53,1643291.76
2024-02,Guatemala,cpe,1556281.25,1353288.04
2024-02,Guatemala,spectrum_licenses,1051760.0,914573.91
2024-02,Panama,ran_access,2929730.18,2547591.46
2024-02,Panama,fiber_transport,2005961.92,1744314.72
2024-02,Panama,core,988364.47,859447.36
2024-02,Panama,it_digital,991301.66,862001.45
2024-02,Panama,cpe,809278.1,703720.09
2024-02,Panama,spectrum_licenses,523244.35,454995.09
2024-02,Paraguay,ran_access,2091584.11,1818768.79
2024-02,Paraguay,fiber_transport,1411448.77,1227346.75
2024-02,Paraguay,core,689681.65,599723.18
2024-02,Paraguay,it_digital,696615.74,605752.82
2024-02,Paraguay,cpe,551013.44,479142.12
2024-02,Paraguay,spectrum_licenses,373149.74,324478.03
2024-03,Bolivia,ran_access,2218467.83,1929102.46
2024-03,Bolivia,fiber_transport,1478201.86,1285392.93
2024-03,Bolivia,core,751401.79,653392.86
2024-03,Bolivia,it_digital,745214.98,648013.03
2024-03,Bolivia,cpe,580379.41,504677.75
2024-03,Bolivia,spectrum_licenses,389668.51,338842.18
2024-03,Colombia,ran_access,5419803.49,4712872.6
2024-03,Colombia,fiber_transport,3627555.01,3154395.66
2024-03,Colombia,core,1849421.0,1608192.17
2024-03,Colombia,it_digital,1844005.95,1603483.43
2024-03,Colombia,cpe,1494052.02,1299175.67
2024-03,Colombia,spectrum_licenses,991377.03,862066.98
2024-03,Guatemala,ran_access,5904884.25,5134681.96
2024-03,Guatemala,fiber_transport,3909314.89,3399404.25
2024-03,Guatemala,core,1943002.01,1689566.96
2024-03,Guatemala,it_digital,1969105.33,1712265.5
2024-03,Guatemala,cpe,1571038.17,1366120.15
2024-03,Guatemala,spectrum_licenses,1038857.74,903354.56
2024-03,Panama,ran_access,2988161.99,2598401.73
2024-03,Panama,fiber_transport,1886909.81,1640791.14
2024-03,Panama,core,972994.52,846082.19
2024-03,Panama,it_digital,972770.84,845887.69
2024-03,Panama,cpe,795429.39,691677.73
2024-03,Panama,spectrum_licenses,533627.3,464023.74
2024-03,Paraguay,ran_access,2043261.39,1776749.04
2024-03,Paraguay,fiber_transport,1421911.86,1236445.09
2024-03,Paraguay,core,683940.73,594731.07
2024-03,Paraguay,it_digital,684250.93,595000.81
2024-03,Paraguay,cpe,554898.44,482520.38
2024-03,Paraguay,spectrum_licenses,369466.91,321275.57
2024-04,Bolivia,ran_access,2187357.55,1902050.04
2024-04,Bolivia,fiber_transport,1507350.59,1310739.65
2024-04,Bolivia,core,754009.15,655660.13
2024-04,Bolivia,it_digital,758258.3,659355.04
2024-04,Bolivia,cpe,593221.64,515844.9
2024-04,Bolivia,spectrum_licenses,397824.54,345934.39
2024-04,Colombia,ran_access,5578039.9,4850469.48
2024-04,Colombia,fiber_transport,3815793.64,3318081.42
2024-04,Colombia,core,1782769.21,1550234.09
2024-04,Colombia,it_digital,1833684.62,1594508.37
2024-04,Colombia,cpe,1488280.05,1294156.56
2024-04,Colombia,spectrum_licenses,976080.08,848765.28
2024-04,Guatemala,ran_access,5838155.05,5076656.56
2024-04,Guatemala,fiber_transport,3899831.69,3391157.99
2024-04,Guatemala,core,1934428.74,1682111.94
2024-04,Guatemala,it_digital,1955497.0,1700432.17
2024-04,Guatemala,cpe,1577680.98,1371896.51
2024-04,Guatemala,spectrum_licenses,1038237.63,902815.33
2024-04,Panama,ran_access,2890828.64,2513764.03
2024-04,Panama,fiber_transport,1935546.13,1683083.59
2024-04,Panama,core,970074.19,843542.77
2024-04,Panama,it_digital,945183.7,821898.87
2024-04,Panama,cpe,781538.06,679598.32
2024-04,Panama,spectrum_licenses,513942.0,446906.09
2024-04,Paraguay,ran_access,2144283.67,1864594.5
2024-04,Paraguay,fiber_transport,1415217.48,1230623.89
2024-04,Paraguay,core,713781.22,620679.32
2024-04,Paraguay,it_digital,690806.98,600701.72
2024-04,Paraguay,cpe,557973.33,485194.2
2024-04,Paraguay,spectrum_licenses,367153.48,319263.9
2024-05,Bolivia,ran_access,2221479.88,1931721.64
2024-05,Bolivia,fiber_transport,1525112.12,1326184.45
2024-05,Bolivia,core,765253.23,665437.59
2024-05,Bolivia,it_digital,735589.67,639643.19
2024-05,Bolivia,cpe,594592.76,517037.18
2024-05,Bolivia,spectrum_licenses,398673.53,346672.63
2024-05,Colombia,ran_access,5581762.71,4853706.7
2024-05,Colombia,fiber_transport,3592535.7,3123944.09
2024-05,Colombia,core,1800497.92,1565650.37
2024-05,Colombia,it_digital,1857910.82,1615574.63
2024-05,Colombia,cpe,1432941.21,1246035.83
2024-05,Colombia,spectrum_licenses,977064.74,849621.51
2024-05,Guatemala,ran_access,5854368.67,5090755.36
2024-05,Guatemala,fiber_transport,3917785.88,3406770.33
2024-05,Guatemala,core,1942583.38,1689202.94
2024-05,Guatemala,it_digital,1936066.13,1683535.77
2024-05,Guatemala,cpe,1577229.0,1371503.48
2024-05,Guatemala,spectrum_licenses,1042700.44,906696.04
2024-05,Panama,ran_access,2890639.53,2513599.59
2024-05,Panama,fiber_transport,1946988.37,1693033.36
2024-05,Panama,core,978551.62,850914.45
2024-05,Panama,it_digital,998345.66,868126.66
2024-05,Panama,cpe,787589.73,684860.64
2024-05,Panama,spectrum_licenses,528443.4,459516.0
2024-05,Paraguay,ran_access,2109009.68,1833921.46
2024-05,Paraguay,fiber_transport,1407830.34,1224200.29
2024-05,Paraguay,core,706971.17,614757.54
2024-05,Paraguay,it_digital,707945.42,615604.72
2024-05,Paraguay,cpe,559059.92,486139.07
2024-05,Paraguay,spectrum_licenses,385638.71,335338.01
2024-06,Bolivia,ran_access,2257818.23,1963320.2
2024-06,Bolivia,fiber_transport,1478604.02,1285742.62
2024-06,Bolivia,core,749883.11,652072.27
2024-06,Bolivia,it_digital,745186.98,647988.68
2024-06,Bolivia,cpe,600609.84,522269.43
2024-06,Bolivia,spectrum_licenses,388199.12,337564.45
2024-06,Colombia,ran_access,5510909.76,4792095.45
2024-06,Colombia,fiber_transport,3678771.82,3198932.01
2024-06,Colombia,core,1858290.5,1615904.78
2024-06,Colombia,it_digital,1823715.28,1585839.38
2024-06,Colombia,cpe,1418584.91,1233552.1
2024-06,Colombia,spectrum_licenses,966057.61,840050.1
2024-06,Guatemala,ran_access,5901598.58,5131824.85
2024-06,Guatemala,fiber_transport,3941778.96,3427633.88
2024-06,Guatemala,core,2019364.61,1755969.23
2024-06,Guatemala,it_digital,1986288.63,1727207.51
2024-06,Guatemala,cpe,1577128.98,1371416.51
2024-06,Guatemala,spectrum_licenses,1049624.17,912716.67
2024-06,Panama,ran_access,2978160.96,2589705.18
2024-06,Panama,fiber_transport,1935617.64,1683145.77
2024-06,Panama,core,974361.09,847270.51
2024-06,Panama,it_digital,960589.68,835295.38
2024-06,Panama,cpe,797934.3,693855.91
2024-06,Panama,spectrum_licenses,523828.87,455503.37
2024-06,Paraguay,ran_access,2095969.89,1822582.51
2024-06,Paraguay,fiber_transport,1409799.25,1225912.39
2024-06,Paraguay,core,711529.59,618721.38
2024-06,Paraguay,it_digital,703460.31,611704.62
2024-06,Paraguay,cpe,560378.04,487285.25
2024-06,Paraguay,spectrum_licenses,372914.61,324273.58
2024-07,Bolivia,ran_access,2285443.89,1987342.51
2024-07,Bolivia,fiber_transport,1507782.33,1311115.07
2024-07,Bolivia,core,752809.69,654617.12
2024-07,Bolivia,it_digital,742912.23,646010.63
2024-07,Bolivia,cpe,607067.44,527884.73
2024-07,Bolivia,spectrum_licenses,403143.19,350559.3
2024-07,Colombia,ran_access,5526127.99,4805328.69
2024-07,Colombia,fiber_transport,3712956.89,3228658.17
2024-07,Colombia,core,1871836.17,1627683.63
2024-07,Colombia,it_digital,1870532.79,1626550.26
2024-07,Colombia,cpe,1493089.11,1298338.36
2024-07,Colombia,spectrum_licenses,983616.8,855318.96
2024-07,Guatemala,ran_access,5855753.72,5091959.76
2024-07,Guatemala,fiber_transport,3876008.37,3370442.06
2024-07,Guatemala,core,1951152.18,1696654.07
2024-07,Guatemala,it_digital,1969170.05,1712321.78
2024-07,Guatemala,cpe,1556406.38,1353396.86
2024-07,Guatemala,spectrum_licenses,1051428.38,914285.55
2024-07,Panama,ran_access,2894719.54,2517147.42
2024-07,Panama,fiber_transport,1909783.89,1660681.65
2024-07,Panama,core,991088.82,861816.37
2024-07,Panama,it_digital,972039.9,845252.08
2024-07,Panama,cpe,773413.64,672533.6
2024-07,Panama,spectrum_licenses,513626.68,446631.9
2024-07,Paraguay,ran_access,2120605.38,1844004.68
2024-07,Paraguay,fiber_transport,1434067.16,1247014.92
2024-07,Paraguay,core,698163.24,607098.47
2024-07,Paraguay,it_digital,700129.7,608808.44
2024-07,Paraguay,cpe,571023.28,496541.98
2024-07,Paraguay,spectrum_licenses,364575.52,317022.19
2024-08,Bolivia,ran_access,2312637.33,2010988.98
2024-08,Bolivia,fiber_transport,1552834.45,1350290.83
2024-08,Bolivia,core,718692.42,624949.93
2024-08,Bolivia,it_digital,747374.19,649890.6
2024-08,Bolivia,cpe,592351.84,515088.55
2024-08,Bolivia,spectrum_licenses,397600.73,345739.76
2024-08,Colombia,ran_access,5518267.58,4798493.55
2024-08,Colombia,fiber_transport,3747357.86,3258572.05
2024-08,Colombia,core,1847879.76,1606851.96
2024-08,Colombia,it_digital,1825883.26,1587724.57
2024-08,Colombia,cpe,1476982.46,1284332.57
2024-08,Colombia,spectrum_licenses,994853.85,865090.3
2024-08,Guatemala,ran_access,5782909.25,5028616.74
2024-08,Guatemala,fiber_transport,3828618.73,3329233.68
2024-08,Guatemala,core,2021705.7,1758004.95
2024-08,Guatemala,it_digital,1943351.42,1689870.8
2024-08,Guatemala,cpe,1566504.29,1362177.65
2024-08,Guatemala,spectrum_licenses,1040264.31,904577.66
2024-08,Panama,ran_access,2988974.96,2599108.66
2024-08,Panama,fiber_transport,2029594.32,1764864.63
2024-08,Panama,core,996801.04,866783.51
2024-08,Panama,it_digital,965915.84,839926.81
2024-08,Panama,cpe,774290.23,673295.85
2024-08,Panama,spectrum_licenses,523878.11,455546.19
2024-08,Paraguay,ran_access,2108896.94,1833823.43
2024-08,Paraguay,fiber_transport,1375605.72,1196178.88
2024-08,Paraguay,core,714527.61,621328.35
2024-08,Paraguay,it_digital,694392.05,603819.17
2024-08,Paraguay,cpe,577430.16,502113.18
2024-08,Paraguay,spectrum_licenses,386848.19,336389.73
2024-09,Bolivia,ran_access,2275018.25,1978276.74
2024-09,Bolivia,fiber_transport,1532394.22,1332516.71
2024-09,Bolivia,core,747231.96,649766.92
2024-09,Bolivia,it_digital,768322.84,668106.82
2024-09,Bolivia,cpe,604401.33,525566.37
2024-09,Bolivia,spectrum_licenses,399389.72,347295.41
2024-09,Colombia,ran_access,5579097.31,4851388.97
2024-09,Colombia,fiber_transport,3709568.96,3225712.14
2024-09,Colombia,core,1858700.03,1616260.9
2024-09,Colombia,it_digital,1894585.21,1647465.4
2024-09,Colombia,cpe,1476732.04,1284114.81
2024-09,Colombia,spectrum_licenses,1022419.03,889060.02
2024-09,Guatemala,ran_access,5780385.64,5026422.3
2024-09,Guatemala,fiber_transport,4027366.31,3502057.66
2024-09,Guatemala,core,1935733.54,1683246.56
2024-09,Guatemala,it_digital,1965445.25,1709082.82
2024-09,Guatemala,cpe,1560860.88,1357270.33
2024-09,Guatemala,spectrum_licenses,1042862.58,906837.03
2024-09,Panama,ran_access,2990334.48,2600290.85
2024-09,Panama,fiber_transport,2014552.69,1751784.95
2024-09,Panama,core,1002613.88,871838.16
2024-09,Panama,it_digital,978905.42,851222.11
2024-09,Panama,cpe,790075.22,687021.93
2024-09,Panama,spectrum_licenses,519137.12,451423.58
2024-09,Paraguay,ran_access,2068682.67,1798854.49
2024-09,Paraguay,fiber_transport,1375924.19,1196455.82
2024-09,Paraguay,core,695314.78,604621.54
2024-09,Paraguay,it_digital,702518.93,610886.02
2024-09,Paraguay,cpe,544086.08,473118.33
2024-09,Paraguay,spectrum_licenses,373017.11,324362.71
2024-10,Bolivia,ran_access,2324953.3,2021698.52
2024-10,Bolivia,fiber_transport,1540832.93,1339854.72
2024-10,Bolivia,core,750939.29,652990.68
2024-10,Bolivia,it_digital,741851.78,645088.51
2024-10,Bolivia,cpe,610242.53,530645.68
2024-10,Bolivia,spectrum_licenses,390228.51,339329.14
2024-10,Colombia,ran_access,5658508.68,4920442.33
2024-10,Colombia,fiber_transport,3698173.84,3215803.34
2024-10,Colombia,core,1906683.37,1657985.54
2024-10,Colombia,it_digital,1807584.26,1571812.4
2024-10,Colombia,cpe,1504595.99,1308344.34
2024-10,Colombia,spectrum_licenses,987853.85,859003.35
2024-10,Guatemala,ran_access,5886713.65,5118881.43
2024-10,Guatemala,fiber_transport,3863798.96,3359825.18
2024-10,Guatemala,core,1989707.37,1730180.32
2024-10,Guatemala,it_digital,1992108.09,1732267.9
2024-10,Guatemala,cpe,1620418.94,1409059.95
2024-10,Guatemala,spectrum_licenses,1067760.49,928487.38
2024-10,Panama,ran_access,2922380.06,2541200.05
2024-10,Panama,fiber_transport,1936309.33,1683747.25
2024-10,Panama,core,962873.86,837281.62
2024-10,Panama,it_digital,1004804.38,873742.94
2024-10,Panama,cpe,777150.19,675782.77
2024-10,Panama,spectrum_licenses,535951.99,466045.21
2024-10,Paraguay,ran_access,2139342.44,1860297.77
2024-10,Paraguay,fiber_transport,1422059.06,1236573.1
2024-10,Paraguay,core,704270.41,612409.06
2024-10,Paraguay,it_digital,714566.11,621361.83
2024-10,Paraguay,cpe,565884.39,492073.39
2024-10,Paraguay,spectrum_licenses,375259.79,326312.86
2024-11,Bolivia,ran_access,2308800.6,2007652.7
2024-11,Bolivia,fiber_transport,1519928.67,1321677.11
2024-11,Bolivia,core,752541.44,654383.86
2024-11,Bolivia,it_digital,768490.72,668252.8
2024-11,Bolivia,cpe,608701.35,529305.52
2024-11,Bolivia,spectrum_licenses,409180.38,355809.02
2024-11,Colombia,ran_access,5566867.6,4840754.43
2024-11,Colombia,fiber_transport,3669437.92,3190815.58
2024-11,Colombia,core,1917561.34,1667444.64
2024-11,Colombia,it_digital,1912148.17,1662737.54
2024-11,Colombia,cpe,1514584.82,1317030.28
2024-11,Colombia,spectrum_licenses,990646.34,861431.6
2024-11,Guatemala,ran_access,5976394.33,5196864.63
2024-11,Guatemala,fiber_transport,4086104.22,3553134.11
2024-11,Guatemala,core,1990533.04,1730898.29
2024-11,Guatemala,it_digital,1982228.21,1723676.7
2024-11,Guatemala,cpe,1646496.8,1431736.35
2024-11,Guatemala,spectrum_licenses,1066504.08,927394.85
2024-11,Panama,ran_access,3051686.41,2653640.36
2024-11,Panama,fiber_transport,1940075.7,1687022.35
2024-11,Panama,core,998329.86,868112.92
2024-11,Panama,it_digital,1021857.38,888571.63
2024-11,Panama,cpe,792833.85,689420.74
2024-11,Panama,spectrum_licenses,526232.03,457593.07
2024-11,Paraguay,ran_access,2079441.17,1808209.71
2024-11,Paraguay,fiber_transport,1433882.08,1246853.98
2024-11,Paraguay,core,697293.59,606342.25
2024-11,Paraguay,it_digital,704392.92,612515.58
2024-11,Paraguay,cpe,553962.71,481706.7
2024-11,Paraguay,spectrum_licenses,385100.07,334869.62
2024-12,Bolivia,ran_access,2334457.65,2029963.18
2024-12,Bolivia,fiber_transport,1528852.47,1329436.93
2024-12,Bolivia,core,751662.24,653619.34
2024-12,Bolivia,it_digital,782612.68,680532.76
2024-12,Bolivia,cpe,608481.66,529114.49
2024-12,Bolivia,spectrum_licenses,401180.95,348853.0
2024-12,Colombia,ran_access,5430176.34,4721892.47
2024-12,Colombia,fiber_transport,3681236.84,3201075.51
2024-12,Colombia,core,1818426.41,1581240.36
2024-12,Colombia,it_digital,1841257.53,1601093.5
2024-12,Colombia,cpe,1503526.98,1307414.77
2024-12,Colombia,spectrum_licenses,985655.31,857091.57
2024-12,Guatemala,ran_access,6028802.84,5242437.25
2024-12,Guatemala,fiber_transport,3954673.04,3438846.12
2024-12,Guatemala,core,2000862.43,1739880.38
2024-12,Guatemala,it_digital,2057340.81,1788992.01
2024-12,Guatemala,cpe,1590788.69,1383294.51
2024-12,Guatemala,spectrum_licenses,1072249.26,932390.66
2024-12,Panama,ran_access,2887167.77,2510580.67
2024-12,Panama,fiber_transport,2015959.79,1753008.51
2024-12,Panama,core,978229.02,850633.93
2024-12,Panama,it_digital,1000905.05,870352.21
2024-12,Panama,cpe,786750.09,684130.52
2024-12,Panama,spectrum_licenses,530312.76,461141.53
2024-12,Paraguay,ran_access,2159572.1,1877888.78
2024-12,Paraguay,fiber_transport,1415656.24,1231005.43
2024-12,Paraguay,core,724416.5,629927.39
2024-12,Paraguay,it_digital,704580.88,612679.03
2024-12,Paraguay,cpe,576810.25,501574.13
2024-12,Paraguay,spectrum_licenses,377860.91,328574.7
2025-01,Bolivia,ran_access,2311520.99,2010018.25
2025-01,Bolivia,fiber_transport,1522368.54,1323798.73
2025-01,Bolivia,core,767052.31,667002.01
2025-01,Bolivia,it_digital,754220.65,655844.04
2025-01,Bolivia,cpe,615463.21,535185.4
2025-01,Bolivia,spectrum_licenses,409059.05,355703.52
2025-01,Colombia,ran_access,5595083.12,4865289.67
2025-01,Colombia,fiber_transport,3757297.59,3267215.3
2025-01,Colombia,core,1883983.24,1638246.29
2025-01,Colombia,it_digital,1862897.1,1619910.52
2025-01,Colombia,cpe,1501257.79,1305441.56
2025-01,Colombia,spectrum_licenses,987761.78,858923.28
2025-01,Guatemala,ran_access,6174279.13,5368938.37
2025-01,Guatemala,fiber_transport,4037508.57,3510877.02
2025-01,Guatemala,core,1995092.19,1734862.78
2025-01,Guatemala,it_digital,2022178.8,1758416.35
2025-01,Guatemala,cpe,1543050.83,1341783.33
2025-01,Guatemala,spectrum_licenses,1019813.73,886794.55
2025-01,Panama,ran_access,2991118.3,2600972.44
2025-01,Panama,fiber_transport,1965001.73,1708697.16
2025-01,Panama,core,999475.46,869109.1
2025-01,Panama,it_digital,1006127.96,874893.88
2025-01,Panama,cpe,813578.45,707459.52
2025-01,Panama,spectrum_licenses,525892.63,457297.94
2025-01,Paraguay,ran_access,2150394.79,1869908.51
2025-01,Paraguay,fiber_transport,1425336.21,1239422.79
2025-01,Paraguay,core,716238.07,622815.72
2025-01,Paraguay,it_digital,706980.72,614765.85
2025-01,Paraguay,cpe,581961.01,506053.05
2025-01,Paraguay,spectrum_licenses,379418.07,329928.76
2025-02,Bolivia,ran_access,2370043.7,2060907.56
2025-02,Bolivia,fiber_transport,1520401.92,1322088.63
2025-02,Bolivia,core,777886.84,676423.34
2025-02,Bolivia,it_digital,768579.21,668329.74
2025-02,Bolivia,cpe,612395.9,532518.17
2025-02,Bolivia,spectrum_licenses,414185.82,360161.59
2025-02,Colombia,ran_access,5622842.89,4889428.6
2025-02,Colombia,fiber_transport,3618032.62,3146115.32
2025-02,Colombia,core,1798170.36,1563626.4
2025-02,Colombia,it_digital,1918990.05,1668687.0
2025-02,Colombia,cpe,1534221.41,1334105.57
2025-02,Colombia,spectrum_licenses,1032945.22,898213.23
2025-02,Guatemala,ran_access,5924814.39,5152012.51
2025-02,Guatemala,fiber_transport,3875046.46,3369605.62
2025-02,Guatemala,core,1963063.45,1707011.69
2025-02,Guatemala,it_digital,1975796.01,1718083.49
2025-02,Guatemala,cpe,1556673.03,1353628.72
2025-02,Guatemala,spectrum_licenses,1079955.63,939091.85
2025-02,Panama,ran_access,3064999.85,2665217.26
2025-02,Panama,fiber_transport,1990058.59,1730485.73
2025-02,Panama,core,987755.32,858917.67
2025-02,Panama,it_digital,968911.68,842531.9
2025-02,Panama,cpe,808880.28,703374.16
2025-02,Panama,spectrum_licenses,527492.11,458688.79
2025-02,Paraguay,ran_access,2124642.93,1847515.59
2025-02,Paraguay,fiber_transport,1432890.49,1245991.73
2025-02,Paraguay,core,705071.02,613105.24
2025-02,Paraguay,it_digital,712861.63,619879.68
2025-02,Paraguay,cpe,556854.32,484221.15
2025-02,Paraguay,spectrum_licenses,385592.79,335298.08
2025-03,Bolivia,ran_access,2292829.71,1993764.96
2025-03,Bolivia,fiber_transport,1557792.58,1354602.24
2025-03,Bolivia,core,763168.5,663624.78
2025-03,Bolivia,it_digital,763912.23,664271.5
2025-03,Bolivia,cpe,601344.26,522908.05
2025-03,Bolivia,spectrum_licenses,412932.27,359071.54
2025-03,Colombia,ran_access,5636417.45,4901232.57
2025-03,Colombia,fiber_transport,3779625.07,3286630.49
2025-03,Colombia,core,1903681.57,1655375.28
2025-03,Colombia,it_digital,1907116.34,1658362.04
2025-03,Colombia,cpe,1484442.03,1290819.16
2025-03,Colombia,spectrum_licenses,1011771.97,879801.72
2025-03,Guatemala,ran_access,6094903.94,5299916.47
2025-03,Guatemala,fiber_transport,3992367.33,3471623.76
2025-03,Guatemala,core,2000788.36,1739815.97
2025-03,Guatemala,it_digital,2012440.88,1749948.59
2025-03,Guatemala,cpe,1603003.89,1393916.43
2025-03,Guatemala,spectrum_licenses,1054267.14,916754.03
2025-03,Panama,ran_access,2987279.8,2597634.61
2025-03,Panama,fiber_transport,2022540.49,1758730.86
2025-03,Panama,core,980716.82,852797.23
2025-03,Panama,it_digital,990722.19,861497.56
2025-03,Panama,cpe,780694.08,678864.42
2025-03,Panama,spectrum_licenses,538918.02,468624.36
2025-03,Paraguay,ran_access,2130424.27,1852542.84
2025-03,Paraguay,fiber_transport,1404229.03,1221068.72
2025-03,Paraguay,core,712110.78,619226.77
2025-03,Paraguay,it_digital,698402.45,607306.47
2025-03,Paraguay,cpe,560149.39,487086.43
2025-03,Paraguay,spectrum_licenses,371050.75,322652.83
2025-04,Bolivia,ran_access,2270022.5,1973932.61
2025-04,Bolivia,fiber_transport,1569389.02,1364686.11
2025-04,Bolivia,core,760470.75,661278.91
2025-04,Bolivia,it_digital,774275.54,673283.07
2025-04,Bolivia,cpe,607435.71,528204.97
2025-04,Bolivia,spectrum_licenses,414767.77,360667.62
2025-04,Colombia,ran_access,5613905.57,4881657.02
2025-04,Colombia,fiber_transport,3802889.6,3306860.52
2025-04,Colombia,core,1901833.4,1653768.17
2025-04,Colombia,it_digital,1967852.17,1711175.8
2025-04,Colombia,cpe,1534705.38,1334526.42
2025-04,Colombia,spectrum_licenses,1004533.62,873507.5
2025-04,Guatemala,ran_access,6128396.38,5329040.33
2025-04,Guatemala,fiber_transport,4175628.51,3630981.31
2025-04,Guatemala,core,1973089.42,1715729.93
2025-04,Guatemala,it_digital,1996524.38,1736108.16
2025-04,Guatemala,cpe,1611794.37,1401560.32
2025-04,Guatemala,spectrum_licenses,1071629.2,931851.48
2025-04,Panama,ran_access,2998260.02,2607182.62
2025-04,Panama,fiber_transport,1969923.85,1712977.26
2025-04,Panama,core,1025797.67,891997.98
2025-04,Panama,it_digital,983214.53,854969.16
2025-04,Panama,cpe,801127.19,696632.34
2025-04,Panama,spectrum_licenses,544161.06,473183.53
2025-04,Paraguay,ran_access,2146416.9,1866449.48
2025-04,Paraguay,fiber_transport,1410714.97,1226708.67
2025-04,Paraguay,core,701461.15,609966.22
2025-04,Paraguay,it_digital,713331.09,620287.9
2025-04,Paraguay,cpe,566171.29,492322.86
2025-04,Paraguay,spectrum_licenses,382935.08,332987.02
2025-05,Bolivia,ran_access,2273479.78,1976938.94
2025-05,Bolivia,fiber_transport,1566844.61,1362473.58
2025-05,Bolivia,core,775268.64,674146.64
2025-05,Bolivia,it_digital,776133.01,674898.27
2025-05,Bolivia,cpe,632670.0,550147.83
2025-05,Bolivia,spectrum_licenses,410058.88,356572.94
2025-05,Colombia,ran_access,5656947.21,4919084.53
2025-05,Colombia,fiber_transport,3781383.97,3288159.98
2025-05,Colombia,core,1900793.53,1652863.94
2025-05,Colombia,it_digital,1903691.46,1655383.88
2025-05,Colombia,cpe,1506147.9,1309693.82
2025-05,Colombia,spectrum_licenses,986299.13,857651.42
2025-05,Guatemala,ran_access,5967512.57,5189141.36
2025-05,Guatemala,fiber_transport,4033669.05,3507538.31
2025-05,Guatemala,core,2010082.38,1747897.72
2025-05,Guatemala,it_digital,2042399.1,1775999.22
2025-05,Guatemala,cpe,1652551.7,1437001.48
2025-05,Guatemala,spectrum_licenses,1082110.37,940965.54
2025-05,Panama,ran_access,3070433.68,2669942.33
2025-05,Panama,fiber_transport,2028136.75,1763597.17
2025-05,Panama,core,1028516.23,894361.94
2025-05,Panama,it_digital,1030693.13,896254.9
2025-05,Panama,cpe,813501.62,707392.72
2025-05,Panama,spectrum_licenses,540346.74,469866.73
2025-05,Paraguay,ran_access,2151652.04,1871001.77
2025-05,Paraguay,fiber_transport,1437965.48,1250404.76
2025-05,Paraguay,core,715792.16,622427.97
2025-05,Paraguay,it_digital,726164.22,631447.14
2025-05,Paraguay,cpe,569357.56,495093.53
2025-05,Paraguay,spectrum_licenses,382596.98,332693.02
2025-06,Bolivia,ran_access,2242984.52,1950421.32
2025-06,Bolivia,fiber_transport,1589653.62,1382307.5
2025-06,Bolivia,core,771989.37,671295.1
2025-06,Bolivia,it_digital,779857.8,678137.22
2025-06,Bolivia,cpe,633336.04,550726.99
2025-06,Bolivia,spectrum_licenses,414956.48,360831.72
2025-06,Colombia,ran_access,5854210.64,5090617.95
2025-06,Colombia,fiber_transport,3748683.98,3259725.2
2025-06,Colombia,core,1979500.17,1721304.5
2025-06,Colombia,it_digital,1940974.91,1687804.27
2025-06,Colombia,cpe,1532466.01,1332579.14
2025-06,Colombia,spectrum_licenses,1040447.86,904737.27
2025-06,Guatemala,ran_access,5955643.06,5178820.05
2025-06,Guatemala,fiber_transport,4023187.0,3498423.48
2025-06,Guatemala,core,2064566.29,1795275.03
2025-06,Guatemala,it_digital,1964525.06,1708282.66
2025-06,Guatemala,cpe,1629901.74,1417305.86
2025-06,Guatemala,spectrum_licenses,1086140.3,944469.82
2025-06,Panama,ran_access,3105165.01,2700143.49
2025-06,Panama,fiber_transport,1962695.99,1706692.16
2025-06,Panama,core,1029487.03,895206.11
2025-06,Panama,it_digital,996530.15,866547.96
2025-06,Panama,cpe,798570.11,694408.79
2025-06,Panama,spectrum_licenses,526227.03,457588.72
2025-06,Paraguay,ran_access,2134594.21,1856168.88
2025-06,Paraguay,fiber_transport,1455256.35,1265440.31
2025-06,Paraguay,core,711270.18,618495.81
2025-06,Paraguay,it_digital,731313.04,635924.38
2025-06,Paraguay,cpe,572864.54,498143.08
2025-06,Paraguay,spectrum_licenses,378771.52,329366.54
2025-07,Bolivia,ran_access,2328416.65,2024710.13
2025-07,Bolivia,fiber_transport,1572538.39,1367424.69
2025-07,Bolivia,core,779060.2,677443.65
2025-07,Bolivia,it_digital,782709.62,680617.06
2025-07,Bolivia,cpe,632416.49,549927.38
2025-07,Bolivia,spectrum_licenses,424060.56,368748.31
2025-07,Colombia,ran_access,5692285.82,4949813.76
2025-07,Colombia,fiber_transport,3753297.87,3263737.28
2025-07,Colombia,core,1908452.02,1659523.49
2025-07,Colombia,it_digital,1919780.35,1669374.22
2025-07,Colombia,cpe,1491968.82,1297364.19
2025-07,Colombia,spectrum_licenses,1003188.32,872337.67
2025-07,Guatemala,ran_access,5974941.05,5195600.91
2025-07,Guatemala,fiber_transport,4013965.26,3490404.57
2025-07,Guatemala,core,1990397.24,1730780.21
2025-07,Guatemala,it_digital,2034714.18,1769316.68
2025-07,Guatemala,cpe,1572283.78,1367203.28
2025-07,Guatemala,spectrum_licenses,1048588.85,911816.39
2025-07,Panama,ran_access,3006500.33,2614348.12
2025-07,Panama,fiber_transport,2009096.57,1747040.5
2025-07,Panama,core,985459.85,856921.61
2025-07,Panama,it_digital,998073.39,867889.91
2025-07,Panama,cpe,800926.22,696457.58
2025-07,Panama,spectrum_licenses,534012.86,464359.01
2025-07,Paraguay,ran_access,2157654.71,1876221.49
2025-07,Paraguay,fiber_transport,1420991.46,1235644.75
2025-07,Paraguay,core,733666.21,637970.61
2025-07,Paraguay,it_digital,722855.75,628570.22
2025-07,Paraguay,cpe,567157.12,493180.1
2025-07,Paraguay,spectrum_licenses,383253.11,333263.57
2025-08,Bolivia,ran_access,2335620.3,2030974.17
2025-08,Bolivia,fiber_transport,1582764.49,1376316.95
2025-08,Bolivia,core,770126.3,669675.05
2025-08,Bolivia,it_digital,786089.26,683555.88
2025-08,Bolivia,cpe,622064.97,540926.06
2025-08,Bolivia,spectrum_licenses,423826.9,368545.13
2025-08,Colombia,ran_access,5867431.93,5102114.72
2025-08,Colombia,fiber_transport,3847960.46,3346052.57
2025-08,Colombia,core,1910771.62,1661540.54
2025-08,Colombia,it_digital,1932936.74,1680814.56
2025-08,Colombia,cpe,1530494.81,1330865.05
2025-08,Colombia,spectrum_licenses,1049209.83,912356.37
2025-08,Guatemala,ran_access,6049019.99,5260017.38
2025-08,Guatemala,fiber_transport,4003501.99,3481306.08
2025-08,Guatemala,core,2000131.06,1739244.4
2025-08,Guatemala,it_digital,1977654.21,1719699.31
2025-08,Guatemala,cpe,1624681.46,1412766.48
2025-08,Guatemala,spectrum_licenses,1060985.41,922596.01
2025-08,Panama,ran_access,3083588.66,2681381.44
2025-08,Panama,fiber_transport,1983301.16,1724609.71
2025-08,Panama,core,1013001.98,880871.29
2025-08,Panama,it_digital,1028666.1,894492.26
2025-08,Panama,cpe,783160.44,681009.08
2025-08,Panama,spectrum_licenses,555812.03,483314.81
2025-08,Paraguay,ran_access,2155839.19,1874642.77
2025-08,Paraguay,fiber_transport,1449488.4,1260424.69
2025-08,Paraguay,core,729437.78,634293.72
2025-08,Paraguay,it_digital,731132.18,635767.11
2025-08,Paraguay,cpe,580951.36,505175.1
2025-08,Paraguay,spectrum_licenses,391526.99,340458.25
2025-09,Bolivia,ran_access,2361719.74,2053669.34
2025-09,Bolivia,fiber_transport,1604082.76,1394854.58
2025-09,Bolivia,core,787278.37,684589.89
2025-09,Bolivia,it_digital,804496.42,699562.11
2025-09,Bolivia,cpe,633411.08,550792.24
2025-09,Bolivia,spectrum_licenses,405472.1,352584.44
2025-09,Colombia,ran_access,5976378.39,5196850.77
2025-09,Colombia,fiber_transport,3798354.53,3302916.98
2025-09,Colombia,core,1959068.48,1703537.81
2025-09,Colombia,it_digital,1916379.71,1666417.14
2025-09,Colombia,cpe,1557074.5,1353977.82
2025-09,Colombia,spectrum_licenses,1011161.93,879271.24
2025-09,Guatemala,ran_access,6116377.57,5318589.19
2025-09,Guatemala,fiber_transport,4024178.89,3499285.99
2025-09,Guatemala,core,2068154.39,1798395.12
2025-09,Guatemala,it_digital,2033079.39,1767895.13
2025-09,Guatemala,cpe,1638640.86,1424905.09
2025-09,Guatemala,spectrum_licenses,1042792.02,906775.67
2025-09,Panama,ran_access,3061591.91,2662253.84
2025-09,Panama,fiber_transport,2056307.24,1788093.25
2025-09,Panama,core,1025274.66,891543.18
2025-09,Panama,it_digital,1036680.39,901461.21
2025-09,Panama,cpe,812998.67,706955.37
2025-09,Panama,spectrum_licenses,545381.06,474244.4
2025-09,Paraguay,ran_access,2213345.63,1924648.37
2025-09,Paraguay,fiber_transport,1400937.12,1218206.19
2025-09,Paraguay,core,731260.73,635878.9
2025-09,Paraguay,it_digital,721203.65,627133.61
2025-09,Paraguay,cpe,571978.55,497372.65
2025-09,Paraguay,spectrum_licenses,388529.59,337851.81
2025-10,Bolivia,ran_access,2396452.03,2083871.33
2025-10,Bolivia,fiber_transport,1593128.35,1385329.0
2025-10,Bolivia,core,782656.46,680570.83
2025-10,Bolivia,it_digital,794614.15,690968.83
2025-10,Bolivia,cpe,635618.16,552711.45
2025-10,Bolivia,spectrum_licenses,417715.81,363231.14
2025-10,Colombia,ran_access,5662823.11,4924194.0
2025-10,Colombia,fiber_transport,3778492.57,3285645.71
2025-10,Colombia,core,1931456.28,1679527.2
2025-10,Colombia,it_digital,1906128.59,1657503.12
2025-10,Colombia,cpe,1502109.1,1306181.82
2025-10,Colombia,spectrum_licenses,991858.19,862485.39
2025-10,Guatemala,ran_access,6191931.23,5384288.02
2025-10,Guatemala,fiber_transport,4043468.14,3516059.25
2025-10,Guatemala,core,2048510.79,1781313.73
2025-10,Guatemala,it_digital,2076643.47,1805776.93
2025-10,Guatemala,cpe,1599002.27,1390436.75
2025-10,Guatemala,spectrum_licenses,1086402.25,944697.61
2025-10,Panama,ran_access,3044001.83,2646958.12
2025-10,Panama,fiber_transport,2046159.23,1779268.9
2025-10,Panama,core,1036353.77,901177.19
2025-10,Panama,it_digital,997183.36,867115.97
2025-10,Panama,cpe,820800.32,713739.41
2025-10,Panama,spectrum_licenses,551003.21,479133.23
2025-10,Paraguay,ran_access,2187340.48,1902035.2
2025-10,Paraguay,fiber_transport,1459297.65,1268954.48
2025-10,Paraguay,core,735758.4,639789.91
2025-10,Paraguay,it_digital,734946.21,639083.66
2025-10,Paraguay,cpe,590055.62,513091.84
2025-10,Paraguay,spectrum_licenses,393246.09,341953.13
2025-11,Bolivia,ran_access,2302263.7,2001968.44
2025-11,Bolivia,fiber_transport,1580926.92,1374719.06
2025-11,Bolivia,core,792559.18,689181.9
2025-11,Bolivia,it_digital,780985.57,679117.89
2025-11,Bolivia,cpe,609238.34,529772.47
2025-11,Bolivia,spectrum_licenses,414650.33,360565.5
2025-11,Colombia,ran_access,5768802.22,5016349.76
2025-11,Colombia,fiber_transport,3769394.1,3277734.0
2025-11,Colombia,core,1907005.14,1658265.34
2025-11,Colombia,it_digital,1877226.75,1632371.09
2025-11,Colombia,cpe,1547904.26,1346003.71
2025-11,Colombia,spectrum_licenses,1025127.26,891415.01
2025-11,Guatemala,ran_access,5990247.43,5208910.81
2025-11,Guatemala,fiber_transport,4114948.55,3578216.13
2025-11,Guatemala,core,2044921.79,1778192.86
2025-11,Guatemala,it_digital,2062571.26,1793540.23
2025-11,Guatemala,cpe,1627736.89,1415423.38
2025-11,Guatemala,spectrum_licenses,1078505.54,937830.91
2025-11,Panama,ran_access,3043196.7,2646258.0
2025-11,Panama,fiber_transport,2035890.91,1770339.92
2025-11,Panama,core,1026485.95,892596.48
2025-11,Panama,it_digital,1028476.18,894327.11
2025-11,Panama,cpe,818611.67,711836.24
2025-11,Panama,spectrum_licenses,543840.34,472904.65
2025-11,Paraguay,ran_access,2177167.73,1893189.33
2025-11,Paraguay,fiber_transport,1515047.27,1317432.41
2025-11,Paraguay,core,721172.23,627106.29
2025-11,Paraguay,it_digital,723477.38,629110.77
2025-11,Paraguay,cpe,613207.35,533223.78
2025-11,Paraguay,spectrum_licenses,391562.6,340489.22
2025-12,Bolivia,ran_access,2298377.85,1998589.43
2025-12,Bolivia,fiber_transport,1584198.34,1377563.77
2025-12,Bolivia,core,771545.55,670909.17
2025-12,Bolivia,it_digital,792888.19,689467.99
2025-12,Bolivia,cpe,623742.93,542385.15
2025-12,Bolivia,spectrum_licenses,414403.73,360351.07
2025-12,Colombia,ran_access,5972988.0,5193902.61
2025-12,Colombia,fiber_transport,3920192.43,3408862.98
2025-12,Colombia,core,1972087.02,1714858.28
2025-12,Colombia,it_digital,1956234.27,1701073.28
2025-12,Colombia,cpe,1544480.06,1343026.14
2025-12,Colombia,spectrum_licenses,1046089.78,909643.29
2025-12,Guatemala,ran_access,6331093.35,5505298.57
2025-12,Guatemala,fiber_transport,4153248.0,3611520.0
2025-12,Guatemala,core,2129201.58,1851479.64
2025-12,Guatemala,it_digital,2099039.24,1825251.51
2025-12,Guatemala,cpe,1663225.21,1446282.79
2025-12,Guatemala,spectrum_licenses,1109474.04,964760.04
2025-12,Panama,ran_access,3092563.71,2689185.84
2025-12,Panama,fiber_transport,2019213.7,1755838.0
2025-12,Panama,core,1027345.71,893344.1
2025-12,Panama,it_digital,1032153.48,897524.77
2025-12,Panama,cpe,817867.25,711188.91
2025-12,Panama,spectrum_licenses,551444.59,479517.03
2025-12,Paraguay,ran_access,2195093.52,1908776.98
2025-12,Paraguay,fiber_transport,1480004.77,1286960.67
2025-12,Paraguay,core,738775.97,642413.88
2025-12,Paraguay,it_digital,733300.32,637652.45
2025-12,Paraguay,cpe,573292.63,498515.33
2025-12,Paraguay,spectrum_licenses,400734.94,348465.17
2026-01,Bolivia,ran_access,2370749.84,2061521.6
2026-01,Bolivia,fiber_transport,1581946.82,1375605.93
2026-01,Bolivia,core,787875.31,685108.96
2026-01,Bolivia,it_digital,786153.04,683611.34
2026-01,Bolivia,cpe,648391.69,563818.86
2026-01,Bolivia,spectrum_licenses,431237.79,374989.38
2026-01,Colombia,ran_access,5828965.3,5068665.48
2026-01,Colombia,fiber_transport,6562758.81,2871206.98
2026-01,Colombia,core,1948087.43,1693989.07
2026-01,Colombia,it_digital,1932217.43,1680189.07
2026-01,Colombia,cpe,1539664.32,1338838.54
2026-01,Colombia,spectrum_licenses,1034609.69,899660.6
2026-01,Guatemala,ran_access,6213408.28,5402963.72
2026-01,Guatemala,fiber_transport,4185582.18,3639636.68
2026-01,Guatemala,core,2091283.46,1818507.36
2026-01,Guatemala,it_digital,2103828.33,1829415.94
2026-01,Guatemala,cpe,1652491.34,1436949.0
2026-01,Guatemala,spectrum_licenses,1123847.48,977258.68
2026-01,Panama,ran_access,3021798.15,2627650.56
2026-01,Panama,fiber_transport,2024642.48,1760558.68
2026-01,Panama,core,1012984.15,880855.78
2026-01,Panama,it_digital,1004764.99,873708.69
2026-01,Panama,cpe,829382.22,721201.93
2026-01,Panama,spectrum_licenses,536703.22,466698.45
2026-01,Paraguay,ran_access,2157723.5,1876281.3
2026-01,Paraguay,fiber_transport,1481275.41,1288065.58
2026-01,Paraguay,core,720627.04,626632.21
2026-01,Paraguay,it_digital,724772.87,630237.28
2026-01,Paraguay,cpe,572696.83,497997.24
2026-01,Paraguay,spectrum_licenses,392511.59,341314.43
2026-02,Bolivia,ran_access,2391488.49,2079555.21
2026-02,Bolivia,fiber_transport,1591749.95,1384130.39
2026-02,Bolivia,core,793474.07,689977.46
2026-02,Bolivia,it_digital,787971.37,685192.5
2026-02,Bolivia,cpe,624748.22,543259.32
2026-02,Bolivia,spectrum_licenses,414687.29,360597.64
2026-02,Colombia,ran_access,5939955.7,5165178.87
2026-02,Colombia,fiber_transport,6562758.81,3281379.41
2026-02,Colombia,core,1921951.81,1671262.45
2026-02,Colombia,it_digital,1943204.24,1689742.82
2026-02,Colombia,cpe,1546656.53,1344918.72
2026-02,Colombia,spectrum_licenses,1018375.78,885544.15
2026-02,Guatemala,ran_access,6304838.98,5482468.67
2026-02,Guatemala,fiber_transport,4165995.08,3622604.41
2026-02,Guatemala,core,2066285.02,1796769.59
2026-02,Guatemala,it_digital,2050027.86,1782632.92
2026-02,Guatemala,cpe,1637940.67,1424296.24
2026-02,Guatemala,spectrum_licenses,1111666.59,966666.6
2026-02,Panama,ran_access,3068795.85,2668518.13
2026-02,Panama,fiber_transport,2021757.25,1758049.78
2026-02,Panama,core,1034285.12,899378.36
2026-02,Panama,it_digital,1023231.95,889766.91
2026-02,Panama,cpe,826511.97,718706.06
2026-02,Panama,spectrum_licenses,544763.82,473707.67
2026-02,Paraguay,ran_access,2181749.58,1897173.55
2026-02,Paraguay,fiber_transport,1474295.92,1281996.46
2026-02,Paraguay,core,722080.59,627896.17
2026-02,Paraguay,it_digital,741865.86,645100.75
2026-02,Paraguay,cpe,580492.04,504775.68
2026-02,Paraguay,spectrum_licenses,397916.31,346014.18
2026-03,Bolivia,ran_access,2364006.72,2055658.02
2026-03,Bolivia,fiber_transport,1609474.41,1399542.97
2026-03,Bolivia,core,778787.65,677206.66
2026-03,Bolivia,it_digital,784001.73,681740.63
2026-03,Bolivia,cpe,637241.2,554122.79
2026-03,Bolivia,spectrum_licenses,429888.8,373816.35
2026-03,Colombia,ran_access,6011103.71,5227046.71
2026-03,Colombia,fiber_transport,6562758.81,3691551.83
2026-03,Colombia,core,2008851.45,1746827.35
2026-03,Colombia,it_digital,1945758.72,1691964.1
2026-03,Colombia,cpe,1589365.56,1382057.01
2026-03,Colombia,spectrum_licenses,1027630.41,893591.66
2026-03,Guatemala,ran_access,6269429.51,5451677.83
2026-03,Guatemala,fiber_transport,4010002.45,3486958.65
2026-03,Guatemala,core,2042033.66,1775681.44
2026-03,Guatemala,it_digital,2091267.24,1818493.25
2026-03,Guatemala,cpe,1628957.0,1416484.35
2026-03,Guatemala,spectrum_licenses,1114678.09,969285.29
2026-03,Panama,ran_access,3123598.24,2716172.38
2026-03,Panama,fiber_transport,2038886.52,1772944.8
2026-03,Panama,core,1012317.41,880276.01
2026-03,Panama,it_digital,1019858.26,886833.27
2026-03,Panama,cpe,809892.08,704253.98
2026-03,Panama,spectrum_licenses,546975.97,475631.28
2026-03,Paraguay,ran_access,2237103.91,1945307.74
2026-03,Paraguay,fiber_transport,1482300.85,1288957.26
2026-03,Paraguay,core,763496.97,663910.4
2026-03,Paraguay,it_digital,736568.84,640494.65
2026-03,Paraguay,cpe,608210.91,528879.05
2026-03,Paraguay,spectrum_licenses,390944.85,339952.05
2026-04,Bolivia,ran_access,2387606.68,2076179.73
2026-04,Bolivia,fiber_transport,1618470.05,1407365.26
2026-04,Bolivia,core,808607.12,703136.63
2026-04,Bolivia,it_digital,790004.73,686960.64
2026-04,Bolivia,cpe,641317.91,557667.75
2026-04,Bolivia,spectrum_licenses,426687.47,371032.58
2026-04,Colombia,ran_access,5793221.13,5037583.59
2026-04,Colombia,fiber_transport,6562758.81,4101724.26
2026-04,Colombia,core,2001931.86,1740810.31
2026-04,Colombia,it_digital,1960600.44,1704869.95
2026-04,Colombia,cpe,1570708.92,1365833.84
2026-04,Colombia,spectrum_licenses,1048802.39,912002.07
2026-04,Guatemala,ran_access,6070455.92,5278657.32
2026-04,Guatemala,fiber_transport,4165293.01,3621993.92
2026-04,Guatemala,core,2037013.33,1771315.94
2026-04,Guatemala,it_digital,2050098.35,1782694.22
2026-04,Guatemala,cpe,1709193.54,1486255.26
2026-04,Guatemala,spectrum_licenses,1098920.67,955583.19
2026-04,Panama,ran_access,3077816.28,2676361.98
2026-04,Panama,fiber_transport,2110967.95,1835624.31
2026-04,Panama,core,1022750.45,889348.21
2026-04,Panama,it_digital,1030453.9,896046.87
2026-04,Panama,cpe,845609.93,735312.98
2026-04,Panama,spectrum_licenses,553631.22,481418.45
2026-04,Paraguay,ran_access,2151805.15,1871134.92
2026-04,Paraguay,fiber_transport,1480567.99,1287450.42
2026-04,Paraguay,core,729914.24,634708.04
2026-04,Paraguay,it_digital,751425.31,653413.31
2026-04,Paraguay,cpe,582097.34,506171.6
2026-04,Paraguay,spectrum_licenses,397833.58,345942.24
2026-05,Bolivia,ran_access,2417263.56,2101968.32
2026-05,Bolivia,fiber_transport,1549250.73,1347174.55
2026-05,Bolivia,core,782305.61,680265.75
2026-05,Bolivia,it_digital,789163.12,686228.8
2026-05,Bolivia,cpe,619640.78,538818.07
2026-05,Bolivia,spectrum_licenses,420140.6,365339.66
2026-05,Colombia,ran_access,5773199.51,5020173.49
2026-05,Colombia,fiber_transport,6562758.81,4511896.68
2026-05,Colombia,core,1932321.3,1680279.39
2026-05,Colombia,it_digital,1932968.53,1680842.2
2026-05,Colombia,cpe,1548524.61,1346543.14
2026-05,Colombia,spectrum_licenses,1020606.33,887483.77
2026-05,Guatemala,ran_access,6095388.45,5300337.79
2026-05,Guatemala,fiber_transport,4090291.13,3556774.89
2026-05,Guatemala,core,2047411.71,1780358.01
2026-05,Guatemala,it_digital,2035344.4,1769864.69
2026-05,Guatemala,cpe,1647012.97,1432185.19
2026-05,Guatemala,spectrum_licenses,1063342.97,924646.07
2026-05,Panama,ran_access,3065580.33,2665722.02
2026-05,Panama,fiber_transport,2057578.61,1789198.79
2026-05,Panama,core,1019935.99,886900.86
2026-05,Panama,it_digital,1058676.52,920588.28
2026-05,Panama,cpe,826728.42,718894.28
2026-05,Panama,spectrum_licenses,552459.3,480399.39
2026-05,Paraguay,ran_access,2189795.57,1904170.06
2026-05,Paraguay,fiber_transport,1470135.92,1278379.06
2026-05,Paraguay,core,721960.8,627792.0
2026-05,Paraguay,it_digital,733371.49,637714.34
2026-05,Paraguay,cpe,579984.26,504334.14
2026-05,Paraguay,spectrum_licenses,390500.77,339565.88
2026-06,Bolivia,ran_access,2212054.55,1923525.7
2026-06,Bolivia,fiber_transport,1506720.36,1310191.61
2026-06,Bolivia,core,783226.86,681066.83
2026-06,Bolivia,it_digital,775819.16,674625.36
2026-06,Bolivia,cpe,625221.21,543670.62
2026-06,Bolivia,spectrum_licenses,417243.78,362820.67
2026-06,Colombia,ran_access,5940163.63,5165359.68
2026-06,Colombia,fiber_transport,6562758.81,4511896.68
2026-06,Colombia,core,1929905.07,1678178.32
2026-06,Colombia,it_digital,1994175.64,1734065.77
2026-06,Colombia,cpe,1569652.96,1364915.62
2026-06,Colombia,spectrum_licenses,1085272.67,943715.36
2026-06,Guatemala,ran_access,6180918.11,5374711.4
2026-06,Guatemala,fiber_transport,4267685.41,3711030.79
2026-06,Guatemala,core,2066753.72,1797177.15
2026-06,Guatemala,it_digital,2113555.78,1837874.59
2026-06,Guatemala,cpe,1700016.28,1478275.03
2026-06,Guatemala,spectrum_licenses,1088040.2,946121.91
2026-06,Panama,ran_access,3081850.28,2679869.81
2026-06,Panama,fiber_transport,2037748.11,1771954.88
2026-06,Panama,core,1015868.26,883363.7
2026-06,Panama,it_digital,1045190.16,908861.01
2026-06,Panama,cpe,825389.29,717729.82
2026-06,Panama,spectrum_licenses,552318.54,480277.0
2026-06,Paraguay,ran_access,2226547.29,1936128.08
2026-06,Paraguay,fiber_transport,1431585.52,1244856.98
2026-06,Paraguay,core,750359.92,652486.88
2026-06,Paraguay,it_digital,732171.72,636671.06
2026-06,Paraguay,cpe,593533.68,516116.24
2026-06,Paraguay,spectrum_licenses,396213.62,344533.59
