month,country,segment,category,amount_usd
2024-01,Guatemala,Mobile_Prepaid,interconnection_commissions,7243089.43
2024-01,Guatemala,Mobile_Postpaid,interconnection_roaming,4534428.06
2024-01,Guatemala,Home,content_programming,11307213.2
2024-01,Guatemala,B2B,interconnection_capacity,4648508.62
2024-01,Guatemala,Tigo_Money,mfs_transaction,996835.0
2024-01,Guatemala,Equipment,device_cogs,5412141.35
2024-02,Guatemala,Mobile_Prepaid,interconnection_commissions,7292601.88
2024-02,Guatemala,Mobile_Postpaid,interconnection_roaming,4349759.69
2024-02,Guatemala,Home,content_programming,11693208.33
2024-02,Guatemala,B2B,interconnection_capacity,4780693.9
2024-02,Guatemala,Tigo_Money,mfs_transaction,999545.27
2024-02,Guatemala,Equipment,device_cogs,5454120.17
2024-03,Guatemala,Mobile_Prepaid,interconnection_commissions,7243783.0
2024-03,Guatemala,Mobile_Postpaid,interconnection_roaming,4400870.21
2024-03,Guatemala,Home,content_programming,11319235.84
2024-03,Guatemala,B2B,interconnection_capacity,4751496.74
2024-03,Guatemala,Tigo_Money,mfs_transaction,987693.94
2024-03,Guatemala,Equipment,device_cogs,5333423.94
2024-04,Guatemala,Mobile_Prepaid,interconnection_commissions,7290958.78
2024-04,Guatemala,Mobile_Postpaid,interconnection_roaming,4552968.05
2024-04,Guatemala,Home,content_programming,11373974.14
2024-04,Guatemala,B2B,interconnection_capacity,4721723.95
2024-04,Guatemala,Tigo_Money,mfs_transaction,990393.02
2024-04,Guatemala,Equipment,device_cogs,5513725.89
2024-05,Guatemala,Mobile_Prepaid,interconnection_commissions,7306814.58
2024-05,Guatemala,Mobile_Postpaid,interconnection_roaming,4387735.0
2024-05,Guatemala,Home,content_programming,11380318.02
2024-05,Guatemala,B2B,interconnection_capacity,4749779.18
2024-05,Guatemala,Tigo_Money,mfs_transaction,1005287.02
2024-05,Guatemala,Equipment,device_cogs,5438929.03
2024-06,Guatemala,Mobile_Prepaid,interconnection_commissions,7523601.59
2024-06,Guatemala,Mobile_Postpaid,interconnection_roaming,4501848.41
2024-06,Guatemala,Home,content_programming,11539799.51
2024-06,Guatemala,B2B,interconnection_capacity,4762277.63
2024-06,Guatemala,Tigo_Money,mfs_transaction,1017182.6
2024-06,Guatemala,Equipment,device_cogs,5529397.16
2024-07,Guatemala,Mobile_Prepaid,interconnection_commissions,7327470.53
2024-07,Guatemala,Mobile_Postpaid,interconnection_roaming,4583703.12
2024-07,Guatemala,Home,content_programming,11461060.72
2024-07,Guatemala,B2B,interconnection_capacity,4843862.59
2024-07,Guatemala,Tigo_Money,mfs_transaction,1000043.89
2024-07,Guatemala,Equipment,device_cogs,5545112.66
2024-08,Guatemala,Mobile_Prepaid,interconnection_commissions,7136078.25
2024-08,Guatemala,Mobile_Postpaid,interconnection_roaming,4474295.01
2024-08,Guatemala,Home,content_programming,11800298.63
2024-08,Guatemala,B2B,interconnection_capacity,4788227.65
2024-08,Guatemala,Tigo_Money,mfs_transaction,1006236.8
2024-08,Guatemala,Equipment,device_cogs,5424069.39
2024-09,Guatemala,Mobile_Prepaid,interconnection_commissions,7133822.67
2024-09,Guatemala,Mobile_Postpaid,interconnection_roaming,4581037.44
2024-09,Guatemala,Home,content_programming,11706940.08
2024-09,Guatemala,B2B,interconnection_capacity,4794414.83
2024-09,Guatemala,Tigo_Money,mfs_transaction,993608.3
2024-09,Guatemala,Equipment,device_cogs,5574914.98
2024-10,Guatemala,Mobile_Prepaid,interconnection_commissions,7198530.8
2024-10,Guatemala,Mobile_Postpaid,interconnection_roaming,4649417.91
2024-10,Guatemala,Home,content_programming,11659686.55
2024-10,Guatemala,B2B,interconnection_capacity,4856724.54
2024-10,Guatemala,Tigo_Money,mfs_transaction,1024334.57
2024-10,Guatemala,Equipment,device_cogs,5502559.79
2024-11,Guatemala,Mobile_Prepaid,interconnection_commissions,7540736.76
2024-11,Guatemala,Mobile_Postpaid,interconnection_roaming,4557667.25
2024-11,Guatemala,Home,content_programming,11956411.1
2024-11,Guatemala,B2B,interconnection_capacity,4823326.53
2024-11,Guatemala,Tigo_Money,mfs_transaction,1018269.04
2024-11,Guatemala,Equipment,device_cogs,5582041.51
2024-12,Guatemala,Mobile_Prepaid,interconnection_commissions,7453498.82
2024-12,Guatemala,Mobile_Postpaid,interconnection_roaming,4554485.81
2024-12,Guatemala,Home,content_programming,12112460.85
2024-12,Guatemala,B2B,interconnection_capacity,4871658.96
2024-12,Guatemala,Tigo_Money,mfs_transaction,1009056.56
2024-12,Guatemala,Equipment,device_cogs,5609248.87
2025-01,Guatemala,Mobile_Prepaid,interconnection_commissions,7324592.37
2025-01,Guatemala,Mobile_Postpaid,interconnection_roaming,4573096.23
2025-01,Guatemala,Home,content_programming,11709109.01
2025-01,Guatemala,B2B,interconnection_capacity,4815655.7
2025-01,Guatemala,Tigo_Money,mfs_transaction,1020465.35
2025-01,Guatemala,Equipment,device_cogs,5539480.74
2025-02,Guatemala,Mobile_Prepaid,interconnection_commissions,7257026.87
2025-02,Guatemala,Mobile_Postpaid,interconnection_roaming,4541158.28
2025-02,Guatemala,Home,content_programming,11710843.94
2025-02,Guatemala,B2B,interconnection_capacity,4815214.7
2025-02,Guatemala,Tigo_Money,mfs_transaction,1000315.14
2025-02,Guatemala,Equipment,device_cogs,5633196.75
2025-03,Guatemala,Mobile_Prepaid,interconnection_commissions,7552550.26
2025-03,Guatemala,Mobile_Postpaid,interconnection_roaming,4645674.86
2025-03,Guatemala,Home,content_programming,11950897.87
2025-03,Guatemala,B2B,interconnection_capacity,4904710.63
2025-03,Guatemala,Tigo_Money,mfs_transaction,988936.24
2025-03,Guatemala,Equipment,device_cogs,5502247.66
2025-04,Guatemala,Mobile_Prepaid,interconnection_commissions,7635137.83
2025-04,Guatemala,Mobile_Postpaid,interconnection_roaming,4488461.13
2025-04,Guatemala,Home,content_programming,12014831.63
2025-04,Guatemala,B2B,interconnection_capacity,4886366.27
2025-04,Guatemala,Tigo_Money,mfs_transaction,1015430.95
2025-04,Guatemala,Equipment,device_cogs,5608314.61
2025-05,Guatemala,Mobile_Prepaid,interconnection_commissions,7422553.96
2025-05,Guatemala,Mobile_Postpaid,interconnection_roaming,4647722.21
2025-05,Guatemala,Home,content_programming,12080288.72
2025-05,Guatemala,B2B,interconnection_capacity,4869052.96
2025-05,Guatemala,Tigo_Money,mfs_transaction,1015574.1
2025-05,Guatemala,Equipment,device_cogs,5574340.94
2025-06,Guatemala,Mobile_Prepaid,interconnection_commissions,7442609.38
2025-06,Guatemala,Mobile_Postpaid,interconnection_roaming,4571785.7
2025-06,Guatemala,Home,content_programming,12093853.67
2025-06,Guatemala,B2B,interconnection_capacity,4993347.2
2025-06,Guatemala,Tigo_Money,mfs_transaction,1057311.2
2025-06,Guatemala,Equipment,device_cogs,5750861.26
2025-07,Guatemala,Mobile_Prepaid,interconnection_commissions,7536336.15
2025-07,Guatemala,Mobile_Postpaid,interconnection_roaming,4640220.79
2025-07,Guatemala,Home,content_programming,11769959.5
2025-07,Guatemala,B2B,interconnection_capacity,4909343.71
2025-07,Guatemala,Tigo_Money,mfs_transaction,1021313.63
2025-07,Guatemala,Equipment,device_cogs,5748522.53
2025-08,Guatemala,Mobile_Prepaid,interconnection_commissions,7489539.93
2025-08,Guatemala,Mobile_Postpaid,interconnection_roaming,4626744.07
2025-08,Guatemala,Home,content_programming,12024692.74
2025-08,Guatemala,B2B,interconnection_capacity,4938123.07
2025-08,Guatemala,Tigo_Money,mfs_transaction,1035362.38
2025-08,Guatemala,Equipment,device_cogs,5585225.67
2025-09,Guatemala,Mobile_Prepaid,interconnection_commissions,7543952.05
2025-09,Guatemala,Mobile_Postpaid,interconnection_roaming,4591976.98
2025-09,Guatemala,Home,content_programming,12101635.76
2025-09,Guatemala,B2B,interconnection_capacity,4937579.8
2025-09,Guatemala,Tigo_Money,mfs_transaction,1022232.06
2025-09,Guatemala,Equipment,device_cogs,5763753.35
2025-10,Guatemala,Mobile_Prepaid,interconnection_commissions,7544522.67
2025-10,Guatemala,Mobile_Postpaid,interconnection_roaming,4649522.76
2025-10,Guatemala,Home,content_programming,12252479.75
2025-10,Guatemala,B2B,interconnection_capacity,4994979.48
2025-10,Guatemala,Tigo_Money,mfs_transaction,1038232.26
2025-10,Guatemala,Equipment,device_cogs,5703906.61
2025-11,Guatemala,Mobile_Prepaid,interconnection_commissions,7635357.57
2025-11,Guatemala,Mobile_Postpaid,interconnection_roaming,4729875.0
2025-11,Guatemala,Home,content_programming,12122976.88
2025-11,Guatemala,B2B,interconnection_capacity,4963537.12
2025-11,Guatemala,Tigo_Money,mfs_transaction,1052908.75
2025-11,Guatemala,Equipment,device_cogs,5649430.55
2025-12,Guatemala,Mobile_Prepaid,interconnection_commissions,7532993.76
2025-12,Guatemala,Mobile_Postpaid,interconnection_roaming,4731817.04
2025-12,Guatemala,Home,content_programming,12365450.8
2025-12,Guatemala,B2B,interconnection_capacity,5401270.49
2025-12,Guatemala,Tigo_Money,mfs_transaction,1044956.82
2025-12,Guatemala,Equipment,device_cogs,5739011.48
2026-01,Guatemala,Mobile_Prepaid,interconnection_commissions,7629688.59
2026-01,Guatemala,Mobile_Postpaid,interconnection_roaming,4709663.56
2026-01,Guatemala,Home,content_programming,12303167.92
2026-01,Guatemala,B2B,interconnection_capacity,5326687.78
2026-01,Guatemala,Tigo_Money,mfs_transaction,1059500.64
2026-01,Guatemala,Equipment,device_cogs,5743230.69
2026-02,Guatemala,Mobile_Prepaid,interconnection_commissions,7688796.37
2026-02,Guatemala,Mobile_Postpaid,interconnection_roaming,4764773.02
2026-02,Guatemala,Home,content_programming,12228215.69
2026-02,Guatemala,B2B,interconnection_capacity,5427718.54
2026-02,Guatemala,Tigo_Money,mfs_transaction,1048222.77
2026-02,Guatemala,Equipment,device_cogs,5855040.44
2026-03,Guatemala,Mobile_Prepaid,interconnection_commissions,7615714.73
2026-03,Guatemala,Mobile_Postpaid,interconnection_roaming,4743899.7
2026-03,Guatemala,Home,content_programming,12618215.54
2026-03,Guatemala,B2B,interconnection_capacity,5015202.43
2026-03,Guatemala,Tigo_Money,mfs_transaction,1045340.21
2026-03,Guatemala,Equipment,device_cogs,5795386.42
2026-04,Guatemala,Mobile_Prepaid,interconnection_commissions,7685392.21
2026-04,Guatemala,Mobile_Postpaid,interconnection_roaming,4695666.7
2026-04,Guatemala,Home,content_programming,12529407.07
2026-04,Guatemala,B2B,interconnection_capacity,5027685.04
2026-04,Guatemala,Tigo_Money,mfs_transaction,1050945.39
2026-04,Guatemala,Equipment,device_cogs,5772334.05
2026-05,Guatemala,Mobile_Prepaid,interconnection_commissions,7528952.88
2026-05,Guatemala,Mobile_Postpaid,interconnection_roaming,4664408.93
2026-05,Guatemala,Home,content_programming,11996991.4
2026-05,Guatemala,B2B,interconnection_capacity,5053398.76
2026-05,Guatemala,Tigo_Money,mfs_transaction,1064135.06
2026-05,Guatemala,Equipment,device_cogs,6027099.99
2026-06,Guatemala,Mobile_Prepaid,interconnection_commissions,7720441.7
2026-06,Guatemala,Mobile_Postpaid,interconnection_roaming,4640662.81
2026-06,Guatemala,Home,content_programming,12470601.13
2026-06,Guatemala,B2B,interconnection_capacity,5025674.76
2026-06,Guatemala,Tigo_Money,mfs_transaction,1045982.65
2026-06,Guatemala,Equipment,device_cogs,5982855.38
2024-01,Colombia,Mobile_Prepaid,interconnection_commissions,6798038.2
2024-01,Colombia,Mobile_Postpaid,interconnection_roaming,4173153.33
2024-01,Colombia,Home,content_programming,10969861.49
2024-01,Colombia,B2B,interconnection_capacity,4479429.57
2024-01,Colombia,Tigo_Money,mfs_transaction,941277.3
2024-01,Colombia,Equipment,device_cogs,5138270.72
2024-02,Colombia,Mobile_Prepaid,interconnection_commissions,6723546.39
2024-02,Colombia,Mobile_Postpaid,interconnection_roaming,4205646.9
2024-02,Colombia,Home,content_programming,10666594.74
2024-02,Colombia,B2B,interconnection_capacity,4504151.53
2024-02,Colombia,Tigo_Money,mfs_transaction,945580.56
2024-02,Colombia,Equipment,device_cogs,5052775.9
2024-03,Colombia,Mobile_Prepaid,interconnection_commissions,6706749.55
2024-03,Colombia,Mobile_Postpaid,interconnection_roaming,4232608.86
2024-03,Colombia,Home,content_programming,11007098.11
2024-03,Colombia,B2B,interconnection_capacity,4442595.55
2024-03,Colombia,Tigo_Money,mfs_transaction,928995.97
2024-03,Colombia,Equipment,device_cogs,5201347.92
2024-04,Colombia,Mobile_Prepaid,interconnection_commissions,6937312.37
2024-04,Colombia,Mobile_Postpaid,interconnection_roaming,4255386.18
2024-04,Colombia,Home,content_programming,11082151.2
2024-04,Colombia,B2B,interconnection_capacity,4494742.41
2024-04,Colombia,Tigo_Money,mfs_transaction,946415.12
2024-04,Colombia,Equipment,device_cogs,5237757.52
2024-05,Colombia,Mobile_Prepaid,interconnection_commissions,6889283.5
2024-05,Colombia,Mobile_Postpaid,interconnection_roaming,4212748.1
2024-05,Colombia,Home,content_programming,11064169.16
2024-05,Colombia,B2B,interconnection_capacity,4538211.63
2024-05,Colombia,Tigo_Money,mfs_transaction,952871.83
2024-05,Colombia,Equipment,device_cogs,5221469.61
2024-06,Colombia,Mobile_Prepaid,interconnection_commissions,6818778.39
2024-06,Colombia,Mobile_Postpaid,interconnection_roaming,4185874.83
2024-06,Colombia,Home,content_programming,11094348.34
2024-06,Colombia,B2B,interconnection_capacity,4486327.05
2024-06,Colombia,Tigo_Money,mfs_transaction,946554.42
2024-06,Colombia,Equipment,device_cogs,5092717.08
2024-07,Colombia,Mobile_Prepaid,interconnection_commissions,6791088.89
2024-07,Colombia,Mobile_Postpaid,interconnection_roaming,4171762.01
2024-07,Colombia,Home,content_programming,10957376.34
2024-07,Colombia,B2B,interconnection_capacity,4564452.61
2024-07,Colombia,Tigo_Money,mfs_transaction,961771.37
2024-07,Colombia,Equipment,device_cogs,5386955.66
2024-08,Colombia,Mobile_Prepaid,interconnection_commissions,6816358.75
2024-08,Colombia,Mobile_Postpaid,interconnection_roaming,4265948.02
2024-08,Colombia,Home,content_programming,11142630.42
2024-08,Colombia,B2B,interconnection_capacity,4521032.16
2024-08,Colombia,Tigo_Money,mfs_transaction,964544.14
2024-08,Colombia,Equipment,device_cogs,5125260.35
2024-09,Colombia,Mobile_Prepaid,interconnection_commissions,6861709.48
2024-09,Colombia,Mobile_Postpaid,interconnection_roaming,4382583.34
2024-09,Colombia,Home,content_programming,11021861.85
2024-09,Colombia,B2B,interconnection_capacity,4611820.82
2024-09,Colombia,Tigo_Money,mfs_transaction,960760.01
2024-09,Colombia,Equipment,device_cogs,5192552.23
2024-10,Colombia,Mobile_Prepaid,interconnection_commissions,6911679.95
2024-10,Colombia,Mobile_Postpaid,interconnection_roaming,4220169.87
2024-10,Colombia,Home,content_programming,11016165.39
2024-10,Colombia,B2B,interconnection_capacity,4567791.57
2024-10,Colombia,Tigo_Money,mfs_transaction,953837.51
2024-10,Colombia,Equipment,device_cogs,5240255.31
2024-11,Colombia,Mobile_Prepaid,interconnection_commissions,6964302.98
2024-11,Colombia,Mobile_Postpaid,interconnection_roaming,4304978.39
2024-11,Colombia,Home,content_programming,11137113.68
2024-11,Colombia,B2B,interconnection_capacity,4536316.59
2024-11,Colombia,Tigo_Money,mfs_transaction,964216.34
2024-11,Colombia,Equipment,device_cogs,5361391.91
2024-12,Colombia,Mobile_Prepaid,interconnection_commissions,6742109.45
2024-12,Colombia,Mobile_Postpaid,interconnection_roaming,4280112.63
2024-12,Colombia,Home,content_programming,11279419.12
2024-12,Colombia,B2B,interconnection_capacity,4624586.83
2024-12,Colombia,Tigo_Money,mfs_transaction,961914.69
2024-12,Colombia,Equipment,device_cogs,5311204.49
2025-01,Colombia,Mobile_Prepaid,interconnection_commissions,7010545.34
2025-01,Colombia,Mobile_Postpaid,interconnection_roaming,4323915.95
2025-01,Colombia,Home,content_programming,11128039.84
2025-01,Colombia,B2B,interconnection_capacity,4549182.62
2025-01,Colombia,Tigo_Money,mfs_transaction,952280.95
2025-01,Colombia,Equipment,device_cogs,5412859.05
2025-02,Colombia,Mobile_Prepaid,interconnection_commissions,6899170.16
2025-02,Colombia,Mobile_Postpaid,interconnection_roaming,4321601.39
2025-02,Colombia,Home,content_programming,11265746.7
2025-02,Colombia,B2B,interconnection_capacity,4605143.44
2025-02,Colombia,Tigo_Money,mfs_transaction,979300.33
2025-02,Colombia,Equipment,device_cogs,5270405.27
2025-03,Colombia,Mobile_Prepaid,interconnection_commissions,7083187.37
2025-03,Colombia,Mobile_Postpaid,interconnection_roaming,4455798.99
2025-03,Colombia,Home,content_programming,11065575.0
2025-03,Colombia,B2B,interconnection_capacity,4564931.95
2025-03,Colombia,Tigo_Money,mfs_transaction,979464.74
2025-03,Colombia,Equipment,device_cogs,5321741.42
2025-04,Colombia,Mobile_Prepaid,interconnection_commissions,6974874.36
2025-04,Colombia,Mobile_Postpaid,interconnection_roaming,4401588.54
2025-04,Colombia,Home,content_programming,11326575.72
2025-04,Colombia,B2B,interconnection_capacity,4645799.4
2025-04,Colombia,Tigo_Money,mfs_transaction,981914.77
2025-04,Colombia,Equipment,device_cogs,5277906.08
2025-05,Colombia,Mobile_Prepaid,interconnection_commissions,6956443.63
2025-05,Colombia,Mobile_Postpaid,interconnection_roaming,4503734.25
2025-05,Colombia,Home,content_programming,11247528.39
2025-05,Colombia,B2B,interconnection_capacity,4631073.11
2025-05,Colombia,Tigo_Money,mfs_transaction,951732.67
2025-05,Colombia,Equipment,device_cogs,5392343.71
2025-06,Colombia,Mobile_Prepaid,interconnection_commissions,7064038.36
2025-06,Colombia,Mobile_Postpaid,interconnection_roaming,4379046.55
2025-06,Colombia,Home,content_programming,11349702.88
2025-06,Colombia,B2B,interconnection_capacity,4588851.34
2025-06,Colombia,Tigo_Money,mfs_transaction,951416.29
2025-06,Colombia,Equipment,device_cogs,5319589.13
2025-07,Colombia,Mobile_Prepaid,interconnection_commissions,6959354.5
2025-07,Colombia,Mobile_Postpaid,interconnection_roaming,4370025.97
2025-07,Colombia,Home,content_programming,11520581.56
2025-07,Colombia,B2B,interconnection_capacity,4648217.22
2025-07,Colombia,Tigo_Money,mfs_transaction,1002874.6
2025-07,Colombia,Equipment,device_cogs,5382266.4
2025-08,Colombia,Mobile_Prepaid,interconnection_commissions,6915350.63
2025-08,Colombia,Mobile_Postpaid,interconnection_roaming,4374593.28
2025-08,Colombia,Home,content_programming,11780950.06
2025-08,Colombia,B2B,interconnection_capacity,4666473.57
2025-08,Colombia,Tigo_Money,mfs_transaction,989349.92
2025-08,Colombia,Equipment,device_cogs,5331007.11
2025-09,Colombia,Mobile_Prepaid,interconnection_commissions,7141551.24
2025-09,Colombia,Mobile_Postpaid,interconnection_roaming,4399530.11
2025-09,Colombia,Home,content_programming,11277106.58
2025-09,Colombia,B2B,interconnection_capacity,4680360.15
2025-09,Colombia,Tigo_Money,mfs_transaction,977326.66
2025-09,Colombia,Equipment,device_cogs,5407466.04
2025-10,Colombia,Mobile_Prepaid,interconnection_commissions,6954089.97
2025-10,Colombia,Mobile_Postpaid,interconnection_roaming,4364835.42
2025-10,Colombia,Home,content_programming,11419862.78
2025-10,Colombia,B2B,interconnection_capacity,4642705.91
2025-10,Colombia,Tigo_Money,mfs_transaction,968734.54
2025-10,Colombia,Equipment,device_cogs,5431787.06
2025-11,Colombia,Mobile_Prepaid,interconnection_commissions,7087439.03
2025-11,Colombia,Mobile_Postpaid,interconnection_roaming,4454192.14
2025-11,Colombia,Home,content_programming,11500290.03
2025-11,Colombia,B2B,interconnection_capacity,4716602.17
2025-11,Colombia,Tigo_Money,mfs_transaction,1012989.33
2025-11,Colombia,Equipment,device_cogs,5346068.0
2025-12,Colombia,Mobile_Prepaid,interconnection_commissions,7170688.55
2025-12,Colombia,Mobile_Postpaid,interconnection_roaming,4446990.68
2025-12,Colombia,Home,content_programming,11571629.47
2025-12,Colombia,B2B,interconnection_capacity,4733025.61
2025-12,Colombia,Tigo_Money,mfs_transaction,995006.12
2025-12,Colombia,Equipment,device_cogs,5486767.34
2026-01,Colombia,Mobile_Prepaid,interconnection_commissions,7216393.42
2026-01,Colombia,Mobile_Postpaid,interconnection_roaming,4437302.9
2026-01,Colombia,Home,content_programming,11505872.51
2026-01,Colombia,B2B,interconnection_capacity,4723047.22
2026-01,Colombia,Tigo_Money,mfs_transaction,970620.59
2026-01,Colombia,Equipment,device_cogs,5340161.29
2026-02,Colombia,Mobile_Prepaid,interconnection_commissions,7326475.54
2026-02,Colombia,Mobile_Postpaid,interconnection_roaming,4410827.05
2026-02,Colombia,Home,content_programming,11577215.97
2026-02,Colombia,B2B,interconnection_capacity,4656819.22
2026-02,Colombia,Tigo_Money,mfs_transaction,973693.15
2026-02,Colombia,Equipment,device_cogs,5468325.58
2026-03,Colombia,Mobile_Prepaid,interconnection_commissions,7141499.05
2026-03,Colombia,Mobile_Postpaid,interconnection_roaming,4514564.3
2026-03,Colombia,Home,content_programming,11636599.19
2026-03,Colombia,B2B,interconnection_capacity,4706455.93
2026-03,Colombia,Tigo_Money,mfs_transaction,1016969.14
2026-03,Colombia,Equipment,device_cogs,5445868.23
2026-04,Colombia,Mobile_Prepaid,interconnection_commissions,7273577.71
2026-04,Colombia,Mobile_Postpaid,interconnection_roaming,4418043.41
2026-04,Colombia,Home,content_programming,11568062.64
2026-04,Colombia,B2B,interconnection_capacity,4740825.04
2026-04,Colombia,Tigo_Money,mfs_transaction,999003.72
2026-04,Colombia,Equipment,device_cogs,5448769.09
2026-05,Colombia,Mobile_Prepaid,interconnection_commissions,7216486.88
2026-05,Colombia,Mobile_Postpaid,interconnection_roaming,4426066.68
2026-05,Colombia,Home,content_programming,11394314.45
2026-05,Colombia,B2B,interconnection_capacity,4759018.01
2026-05,Colombia,Tigo_Money,mfs_transaction,977063.63
2026-05,Colombia,Equipment,device_cogs,5563905.78
2026-06,Colombia,Mobile_Prepaid,interconnection_commissions,7186084.06
2026-06,Colombia,Mobile_Postpaid,interconnection_roaming,4454688.2
2026-06,Colombia,Home,content_programming,11976605.15
2026-06,Colombia,B2B,interconnection_capacity,4789460.94
2026-06,Colombia,Tigo_Money,mfs_transaction,990412.89
2026-06,Colombia,Equipment,device_cogs,5566798.21
2024-01,Panama,Mobile_Prepaid,interconnection_commissions,3620984.63
2024-01,Panama,Mobile_Postpaid,interconnection_roaming,2227790.86
2024-01,Panama,Home,content_programming,5679272.36
2024-01,Panama,B2B,interconnection_capacity,2323890.04
2024-01,Panama,Tigo_Money,mfs_transaction,489717.92
2024-01,Panama,Equipment,device_cogs,2690050.68
2024-02,Panama,Mobile_Prepaid,interconnection_commissions,3719330.51
2024-02,Panama,Mobile_Postpaid,interconnection_roaming,2176321.03
2024-02,Panama,Home,content_programming,5697807.36
2024-02,Panama,B2B,interconnection_capacity,2364532.58
2024-02,Panama,Tigo_Money,mfs_transaction,479929.59
2024-02,Panama,Equipment,device_cogs,2659819.65
2024-03,Panama,Mobile_Prepaid,interconnection_commissions,3659766.34
2024-03,Panama,Mobile_Postpaid,interconnection_roaming,2289535.59
2024-03,Panama,Home,content_programming,5750010.79
2024-03,Panama,B2B,interconnection_capacity,2372096.67
2024-03,Panama,Tigo_Money,mfs_transaction,486541.83
2024-03,Panama,Equipment,device_cogs,2640491.13
2024-04,Panama,Mobile_Prepaid,interconnection_commissions,3607409.56
2024-04,Panama,Mobile_Postpaid,interconnection_roaming,2221449.8
2024-04,Panama,Home,content_programming,5738357.68
2024-04,Panama,B2B,interconnection_capacity,2369097.92
2024-04,Panama,Tigo_Money,mfs_transaction,504567.48
2024-04,Panama,Equipment,device_cogs,2712711.54
2024-05,Panama,Mobile_Prepaid,interconnection_commissions,3625579.04
2024-05,Panama,Mobile_Postpaid,interconnection_roaming,2231329.1
2024-05,Panama,Home,content_programming,5700281.44
2024-05,Panama,B2B,interconnection_capacity,2385645.42
2024-05,Panama,Tigo_Money,mfs_transaction,504193.68
2024-05,Panama,Equipment,device_cogs,2742887.97
2024-06,Panama,Mobile_Prepaid,interconnection_commissions,3661965.94
2024-06,Panama,Mobile_Postpaid,interconnection_roaming,2265326.95
2024-06,Panama,Home,content_programming,5715769.2
2024-06,Panama,B2B,interconnection_capacity,2359965.7
2024-06,Panama,Tigo_Money,mfs_transaction,489923.45
2024-06,Panama,Equipment,device_cogs,2729430.06
2024-07,Panama,Mobile_Prepaid,interconnection_commissions,3608545.79
2024-07,Panama,Mobile_Postpaid,interconnection_roaming,2254860.87
2024-07,Panama,Home,content_programming,5820157.7
2024-07,Panama,B2B,interconnection_capacity,2343190.82
2024-07,Panama,Tigo_Money,mfs_transaction,509522.13
2024-07,Panama,Equipment,device_cogs,2774307.8
2024-08,Panama,Mobile_Prepaid,interconnection_commissions,3667437.01
2024-08,Panama,Mobile_Postpaid,interconnection_roaming,2269872.04
2024-08,Panama,Home,content_programming,5943266.65
2024-08,Panama,B2B,interconnection_capacity,2373777.29
2024-08,Panama,Tigo_Money,mfs_transaction,502405.73
2024-08,Panama,Equipment,device_cogs,2827887.92
2024-09,Panama,Mobile_Prepaid,interconnection_commissions,3639749.38
2024-09,Panama,Mobile_Postpaid,interconnection_roaming,2246718.12
2024-09,Panama,Home,content_programming,5809128.37
2024-09,Panama,B2B,interconnection_capacity,2461818.04
2024-09,Panama,Tigo_Money,mfs_transaction,507918.76
2024-09,Panama,Equipment,device_cogs,2839471.73
2024-10,Panama,Mobile_Prepaid,interconnection_commissions,3689822.7
2024-10,Panama,Mobile_Postpaid,interconnection_roaming,2308967.6
2024-10,Panama,Home,content_programming,5704931.13
2024-10,Panama,B2B,interconnection_capacity,2395428.4
2024-10,Panama,Tigo_Money,mfs_transaction,499157.28
2024-10,Panama,Equipment,device_cogs,2803184.92
2024-11,Panama,Mobile_Prepaid,interconnection_commissions,3647071.06
2024-11,Panama,Mobile_Postpaid,interconnection_roaming,2302739.09
2024-11,Panama,Home,content_programming,5874176.02
2024-11,Panama,B2B,interconnection_capacity,2388581.79
2024-11,Panama,Tigo_Money,mfs_transaction,502078.91
2024-11,Panama,Equipment,device_cogs,2797512.39
2024-12,Panama,Mobile_Prepaid,interconnection_commissions,3578026.06
2024-12,Panama,Mobile_Postpaid,interconnection_roaming,2241032.96
2024-12,Panama,Home,content_programming,5973124.96
2024-12,Panama,B2B,interconnection_capacity,2402861.07
2024-12,Panama,Tigo_Money,mfs_transaction,501664.44
2024-12,Panama,Equipment,device_cogs,2784429.87
2025-01,Panama,Mobile_Prepaid,interconnection_commissions,3732413.67
2025-01,Panama,Mobile_Postpaid,interconnection_roaming,2326465.44
2025-01,Panama,Home,content_programming,5959631.27
2025-01,Panama,B2B,interconnection_capacity,2373174.05
2025-01,Panama,Tigo_Money,mfs_transaction,501042.23
2025-01,Panama,Equipment,device_cogs,2790778.49
2025-02,Panama,Mobile_Prepaid,interconnection_commissions,3710535.99
2025-02,Panama,Mobile_Postpaid,interconnection_roaming,2271461.17
2025-02,Panama,Home,content_programming,5800864.63
2025-02,Panama,B2B,interconnection_capacity,2376313.47
2025-02,Panama,Tigo_Money,mfs_transaction,507524.27
2025-02,Panama,Equipment,device_cogs,2769386.23
2025-03,Panama,Mobile_Prepaid,interconnection_commissions,3667531.99
2025-03,Panama,Mobile_Postpaid,interconnection_roaming,2290408.94
2025-03,Panama,Home,content_programming,5979321.43
2025-03,Panama,B2B,interconnection_capacity,2452039.35
2025-03,Panama,Tigo_Money,mfs_transaction,519457.22
2025-03,Panama,Equipment,device_cogs,2783029.15
2025-04,Panama,Mobile_Prepaid,interconnection_commissions,3734587.92
2025-04,Panama,Mobile_Postpaid,interconnection_roaming,2318423.3
2025-04,Panama,Home,content_programming,5946218.63
2025-04,Panama,B2B,interconnection_capacity,2451332.35
2025-04,Panama,Tigo_Money,mfs_transaction,514768.36
2025-04,Panama,Equipment,device_cogs,2823411.18
2025-05,Panama,Mobile_Prepaid,interconnection_commissions,3789448.01
2025-05,Panama,Mobile_Postpaid,interconnection_roaming,2292585.3
2025-05,Panama,Home,content_programming,5933910.35
2025-05,Panama,B2B,interconnection_capacity,2424075.11
2025-05,Panama,Tigo_Money,mfs_transaction,504740.05
2025-05,Panama,Equipment,device_cogs,2793008.07
2025-06,Panama,Mobile_Prepaid,interconnection_commissions,3711209.24
2025-06,Panama,Mobile_Postpaid,interconnection_roaming,2282214.54
2025-06,Panama,Home,content_programming,6032788.32
2025-06,Panama,B2B,interconnection_capacity,2426262.73
2025-06,Panama,Tigo_Money,mfs_transaction,527524.42
2025-06,Panama,Equipment,device_cogs,2800580.43
2025-07,Panama,Mobile_Prepaid,interconnection_commissions,3774652.67
2025-07,Panama,Mobile_Postpaid,interconnection_roaming,2272070.28
2025-07,Panama,Home,content_programming,5970872.84
2025-07,Panama,B2B,interconnection_capacity,2431116.31
2025-07,Panama,Tigo_Money,mfs_transaction,515729.11
2025-07,Panama,Equipment,device_cogs,2851405.18
2025-08,Panama,Mobile_Prepaid,interconnection_commissions,3744631.6
2025-08,Panama,Mobile_Postpaid,interconnection_roaming,2344573.84
2025-08,Panama,Home,content_programming,5990714.61
2025-08,Panama,B2B,interconnection_capacity,2469874.38
2025-08,Panama,Tigo_Money,mfs_transaction,516694.59
2025-08,Panama,Equipment,device_cogs,2773810.91
2025-09,Panama,Mobile_Prepaid,interconnection_commissions,3749271.56
2025-09,Panama,Mobile_Postpaid,interconnection_roaming,2328960.25
2025-09,Panama,Home,content_programming,6020237.99
2025-09,Panama,B2B,interconnection_capacity,2469570.92
2025-09,Panama,Tigo_Money,mfs_transaction,527010.31
2025-09,Panama,Equipment,device_cogs,2891716.8
2025-10,Panama,Mobile_Prepaid,interconnection_commissions,3717812.13
2025-10,Panama,Mobile_Postpaid,interconnection_roaming,2313903.1
2025-10,Panama,Home,content_programming,6133145.26
2025-10,Panama,B2B,interconnection_capacity,2472418.68
2025-10,Panama,Tigo_Money,mfs_transaction,514711.46
2025-10,Panama,Equipment,device_cogs,2885140.16
2025-11,Panama,Mobile_Prepaid,interconnection_commissions,3767959.3
2025-11,Panama,Mobile_Postpaid,interconnection_roaming,2334037.18
2025-11,Panama,Home,content_programming,6118701.46
2025-11,Panama,B2B,interconnection_capacity,2505188.89
2025-11,Panama,Tigo_Money,mfs_transaction,534388.41
2025-11,Panama,Equipment,device_cogs,2886159.46
2025-12,Panama,Mobile_Prepaid,interconnection_commissions,3773964.02
2025-12,Panama,Mobile_Postpaid,interconnection_roaming,2391942.29
2025-12,Panama,Home,content_programming,6144424.83
2025-12,Panama,B2B,interconnection_capacity,2481812.04
2025-12,Panama,Tigo_Money,mfs_transaction,526316.46
2025-12,Panama,Equipment,device_cogs,2846467.32
2026-01,Panama,Mobile_Prepaid,interconnection_commissions,3808902.65
2026-01,Panama,Mobile_Postpaid,interconnection_roaming,2382053.43
2026-01,Panama,Home,content_programming,5949367.56
2026-01,Panama,B2B,interconnection_capacity,2480509.37
2026-01,Panama,Tigo_Money,mfs_transaction,512010.17
2026-01,Panama,Equipment,device_cogs,2849367.15
2026-02,Panama,Mobile_Prepaid,interconnection_commissions,3735004.02
2026-02,Panama,Mobile_Postpaid,interconnection_roaming,2350653.47
2026-02,Panama,Home,content_programming,6187125.5
2026-02,Panama,B2B,interconnection_capacity,2494885.82
2026-02,Panama,Tigo_Money,mfs_transaction,520753.1
2026-02,Panama,Equipment,device_cogs,2899267.2
2026-03,Panama,Mobile_Prepaid,interconnection_commissions,3748328.84
2026-03,Panama,Mobile_Postpaid,interconnection_roaming,2348575.86
2026-03,Panama,Home,content_programming,6254624.62
2026-03,Panama,B2B,interconnection_capacity,2517536.48
2026-03,Panama,Tigo_Money,mfs_transaction,525860.81
2026-03,Panama,Equipment,device_cogs,2876189.19
2026-04,Panama,Mobile_Prepaid,interconnection_commissions,3810362.9
2026-04,Panama,Mobile_Postpaid,interconnection_roaming,2418224.05
2026-04,Panama,Home,content_programming,6106734.61
2026-04,Panama,B2B,interconnection_capacity,2490551.74
2026-04,Panama,Tigo_Money,mfs_transaction,525748.39
2026-04,Panama,Equipment,device_cogs,2909441.73
2026-05,Panama,Mobile_Prepaid,interconnection_commissions,3859880.55
2026-05,Panama,Mobile_Postpaid,interconnection_roaming,2358275.44
2026-05,Panama,Home,content_programming,6139374.4
2026-05,Panama,B2B,interconnection_capacity,2501155.01
2026-05,Panama,Tigo_Money,mfs_transaction,517456.15
2026-05,Panama,Equipment,device_cogs,2874420.51
2026-06,Panama,Mobile_Prepaid,interconnection_commissions,3856442.59
2026-06,Panama,Mobile_Postpaid,interconnection_roaming,2374434.26
2026-06,Panama,Home,content_programming,6143569.69
2026-06,Panama,B2B,interconnection_capacity,2538086.66
2026-06,Panama,Tigo_Money,mfs_transaction,528138.0
2026-06,Panama,Equipment,device_cogs,2942848.35
2024-01,Bolivia,Mobile_Prepaid,interconnection_commissions,2790880.4
2024-01,Bolivia,Mobile_Postpaid,interconnection_roaming,1685866.98
2024-01,Bolivia,Home,content_programming,4403762.04
2024-01,Bolivia,B2B,interconnection_capacity,1801118.74
2024-01,Bolivia,Tigo_Money,mfs_transaction,374025.37
2024-01,Bolivia,Equipment,device_cogs,2098729.25
2024-02,Bolivia,Mobile_Prepaid,interconnection_commissions,2781586.44
2024-02,Bolivia,Mobile_Postpaid,interconnection_roaming,1737924.51
2024-02,Bolivia,Home,content_programming,4469114.21
2024-02,Bolivia,B2B,interconnection_capacity,1788944.16
2024-02,Bolivia,Tigo_Money,mfs_transaction,377292.25
2024-02,Bolivia,Equipment,device_cogs,2089130.7
2024-03,Bolivia,Mobile_Prepaid,interconnection_commissions,2774347.47
2024-03,Bolivia,Mobile_Postpaid,interconnection_roaming,1735208.18
2024-03,Bolivia,Home,content_programming,4455276.29
2024-03,Bolivia,B2B,interconnection_capacity,1838738.44
2024-03,Bolivia,Tigo_Money,mfs_transaction,379219.45
2024-03,Bolivia,Equipment,device_cogs,2088418.56
2024-04,Bolivia,Mobile_Prepaid,interconnection_commissions,2777979.73
2024-04,Bolivia,Mobile_Postpaid,interconnection_roaming,1697754.08
2024-04,Bolivia,Home,content_programming,4420371.83
2024-04,Bolivia,B2B,interconnection_capacity,1831346.18
2024-04,Bolivia,Tigo_Money,mfs_transaction,381631.68
2024-04,Bolivia,Equipment,device_cogs,2032742.91
2024-05,Bolivia,Mobile_Prepaid,interconnection_commissions,2792287.67
2024-05,Bolivia,Mobile_Postpaid,interconnection_roaming,1717702.3
2024-05,Bolivia,Home,content_programming,4401618.65
2024-05,Bolivia,B2B,interconnection_capacity,1831830.39
2024-05,Bolivia,Tigo_Money,mfs_transaction,389404.08
2024-05,Bolivia,Equipment,device_cogs,2088076.55
2024-06,Bolivia,Mobile_Prepaid,interconnection_commissions,2753552.76
2024-06,Bolivia,Mobile_Postpaid,interconnection_roaming,1679304.36
2024-06,Bolivia,Home,content_programming,4446507.79
2024-06,Bolivia,B2B,interconnection_capacity,1809281.42
2024-06,Bolivia,Tigo_Money,mfs_transaction,378114.67
2024-06,Bolivia,Equipment,device_cogs,2112999.85
2024-07,Bolivia,Mobile_Prepaid,interconnection_commissions,2851306.28
2024-07,Bolivia,Mobile_Postpaid,interconnection_roaming,1749832.56
2024-07,Bolivia,Home,content_programming,4522986.8
2024-07,Bolivia,B2B,interconnection_capacity,1842315.71
2024-07,Bolivia,Tigo_Money,mfs_transaction,383978.87
2024-07,Bolivia,Equipment,device_cogs,2131522.09
2024-08,Bolivia,Mobile_Prepaid,interconnection_commissions,2829096.94
2024-08,Bolivia,Mobile_Postpaid,interconnection_roaming,1721421.98
2024-08,Bolivia,Home,content_programming,4387900.71
2024-08,Bolivia,B2B,interconnection_capacity,1813082.02
2024-08,Bolivia,Tigo_Money,mfs_transaction,383628.61
2024-08,Bolivia,Equipment,device_cogs,2120212.17
2024-09,Bolivia,Mobile_Prepaid,interconnection_commissions,2897416.46
2024-09,Bolivia,Mobile_Postpaid,interconnection_roaming,1728522.33
2024-09,Bolivia,Home,content_programming,4469592.29
2024-09,Bolivia,B2B,interconnection_capacity,1831303.63
2024-09,Bolivia,Tigo_Money,mfs_transaction,379980.82
2024-09,Bolivia,Equipment,device_cogs,2132011.03
2024-10,Bolivia,Mobile_Prepaid,interconnection_commissions,2752905.98
2024-10,Bolivia,Mobile_Postpaid,interconnection_roaming,1773023.53
2024-10,Bolivia,Home,content_programming,4594581.11
2024-10,Bolivia,B2B,interconnection_capacity,1869364.17
2024-10,Bolivia,Tigo_Money,mfs_transaction,388971.99
2024-10,Bolivia,Equipment,device_cogs,2138083.41
2024-11,Bolivia,Mobile_Prepaid,interconnection_commissions,2860097.83
2024-11,Bolivia,Mobile_Postpaid,interconnection_roaming,1740748.35
2024-11,Bolivia,Home,content_programming,4479222.37
2024-11,Bolivia,B2B,interconnection_capacity,1841034.64
2024-11,Bolivia,Tigo_Money,mfs_transaction,399360.37
2024-11,Bolivia,Equipment,device_cogs,2155768.84
2024-12,Bolivia,Mobile_Prepaid,interconnection_commissions,2856460.09
2024-12,Bolivia,Mobile_Postpaid,interconnection_roaming,1678610.23
2024-12,Bolivia,Home,content_programming,4621500.54
2024-12,Bolivia,B2B,interconnection_capacity,1851336.02
2024-12,Bolivia,Tigo_Money,mfs_transaction,394280.5
2024-12,Bolivia,Equipment,device_cogs,2152417.83
2025-01,Bolivia,Mobile_Prepaid,interconnection_commissions,2859146.23
2025-01,Bolivia,Mobile_Postpaid,interconnection_roaming,1761225.81
2025-01,Bolivia,Home,content_programming,4493510.72
2025-01,Bolivia,B2B,interconnection_capacity,1885817.87
2025-01,Bolivia,Tigo_Money,mfs_transaction,391514.7
2025-01,Bolivia,Equipment,device_cogs,2114064.1
2025-02,Bolivia,Mobile_Prepaid,interconnection_commissions,2816477.25
2025-02,Bolivia,Mobile_Postpaid,interconnection_roaming,1786564.09
2025-02,Bolivia,Home,content_programming,4606044.6
2025-02,Bolivia,B2B,interconnection_capacity,1869021.85
2025-02,Bolivia,Tigo_Money,mfs_transaction,389891.76
2025-02,Bolivia,Equipment,device_cogs,2100619.48
2025-03,Bolivia,Mobile_Prepaid,interconnection_commissions,2820344.08
2025-03,Bolivia,Mobile_Postpaid,interconnection_roaming,1772340.1
2025-03,Bolivia,Home,content_programming,4518266.25
2025-03,Bolivia,B2B,interconnection_capacity,1876724.94
2025-03,Bolivia,Tigo_Money,mfs_transaction,396211.95
2025-03,Bolivia,Equipment,device_cogs,2169838.39
2025-04,Bolivia,Mobile_Prepaid,interconnection_commissions,2864064.22
2025-04,Bolivia,Mobile_Postpaid,interconnection_roaming,1791445.5
2025-04,Bolivia,Home,content_programming,4516850.75
2025-04,Bolivia,B2B,interconnection_capacity,1873172.94
2025-04,Bolivia,Tigo_Money,mfs_transaction,388466.18
2025-04,Bolivia,Equipment,device_cogs,2145240.93
2025-05,Bolivia,Mobile_Prepaid,interconnection_commissions,2906134.63
2025-05,Bolivia,Mobile_Postpaid,interconnection_roaming,1758884.17
2025-05,Bolivia,Home,content_programming,4597270.02
2025-05,Bolivia,B2B,interconnection_capacity,1885747.08
2025-05,Bolivia,Tigo_Money,mfs_transaction,389819.54
2025-05,Bolivia,Equipment,device_cogs,2142407.83
2025-06,Bolivia,Mobile_Prepaid,interconnection_commissions,2840790.61
2025-06,Bolivia,Mobile_Postpaid,interconnection_roaming,1799037.14
2025-06,Bolivia,Home,content_programming,4626136.68
2025-06,Bolivia,B2B,interconnection_capacity,1893567.9
2025-06,Bolivia,Tigo_Money,mfs_transaction,389252.98
2025-06,Bolivia,Equipment,device_cogs,2194169.52
2025-07,Bolivia,Mobile_Prepaid,interconnection_commissions,2874322.05
2025-07,Bolivia,Mobile_Postpaid,interconnection_roaming,1846533.25
2025-07,Bolivia,Home,content_programming,4623261.4
2025-07,Bolivia,B2B,interconnection_capacity,1881152.41
2025-07,Bolivia,Tigo_Money,mfs_transaction,392347.62
2025-07,Bolivia,Equipment,device_cogs,2224570.16
2025-08,Bolivia,Mobile_Prepaid,interconnection_commissions,2826626.88
2025-08,Bolivia,Mobile_Postpaid,interconnection_roaming,1770571.94
2025-08,Bolivia,Home,content_programming,4691477.1
2025-08,Bolivia,B2B,interconnection_capacity,1904554.6
2025-08,Bolivia,Tigo_Money,mfs_transaction,394297.8
2025-08,Bolivia,Equipment,device_cogs,2145691.75
2025-09,Bolivia,Mobile_Prepaid,interconnection_commissions,2892728.28
2025-09,Bolivia,Mobile_Postpaid,interconnection_roaming,1807672.41
2025-09,Bolivia,Home,content_programming,4619396.11
2025-09,Bolivia,B2B,interconnection_capacity,1914016.59
2025-09,Bolivia,Tigo_Money,mfs_transaction,394623.68
2025-09,Bolivia,Equipment,device_cogs,2168873.44
2025-10,Bolivia,Mobile_Prepaid,interconnection_commissions,2864639.06
2025-10,Bolivia,Mobile_Postpaid,interconnection_roaming,1796751.24
2025-10,Bolivia,Home,content_programming,4690936.18
2025-10,Bolivia,B2B,interconnection_capacity,1906311.38
2025-10,Bolivia,Tigo_Money,mfs_transaction,401960.93
2025-10,Bolivia,Equipment,device_cogs,2224376.1
2025-11,Bolivia,Mobile_Prepaid,interconnection_commissions,2854440.28
2025-11,Bolivia,Mobile_Postpaid,interconnection_roaming,1759465.43
2025-11,Bolivia,Home,content_programming,4678864.02
2025-11,Bolivia,B2B,interconnection_capacity,1888932.77
2025-11,Bolivia,Tigo_Money,mfs_transaction,393079.92
2025-11,Bolivia,Equipment,device_cogs,2195066.8
2025-12,Bolivia,Mobile_Prepaid,interconnection_commissions,2939837.85
2025-12,Bolivia,Mobile_Postpaid,interconnection_roaming,1758978.5
2025-12,Bolivia,Home,content_programming,4647786.4
2025-12,Bolivia,B2B,interconnection_capacity,1921179.04
2025-12,Bolivia,Tigo_Money,mfs_transaction,403333.15
2025-12,Bolivia,Equipment,device_cogs,2221459.37
2026-01,Bolivia,Mobile_Prepaid,interconnection_commissions,2977472.1
2026-01,Bolivia,Mobile_Postpaid,interconnection_roaming,1805172.68
2026-01,Bolivia,Home,content_programming,4708503.17
2026-01,Bolivia,B2B,interconnection_capacity,1920863.75
2026-01,Bolivia,Tigo_Money,mfs_transaction,394261.43
2026-01,Bolivia,Equipment,device_cogs,2171325.98
2026-02,Bolivia,Mobile_Prepaid,interconnection_commissions,2911453.92
2026-02,Bolivia,Mobile_Postpaid,interconnection_roaming,1812431.64
2026-02,Bolivia,Home,content_programming,4725629.12
2026-02,Bolivia,B2B,interconnection_capacity,1879419.2
2026-02,Bolivia,Tigo_Money,mfs_transaction,387770.02
2026-02,Bolivia,Equipment,device_cogs,2217181.6
2026-03,Bolivia,Mobile_Prepaid,interconnection_commissions,2995537.55
2026-03,Bolivia,Mobile_Postpaid,interconnection_roaming,1807324.62
2026-03,Bolivia,Home,content_programming,4628253.35
2026-03,Bolivia,B2B,interconnection_capacity,1928424.35
2026-03,Bolivia,Tigo_Money,mfs_transaction,416403.93
2026-03,Bolivia,Equipment,device_cogs,2226586.19
2026-04,Bolivia,Mobile_Prepaid,interconnection_commissions,2977031.36
2026-04,Bolivia,Mobile_Postpaid,interconnection_roaming,1822300.55
2026-04,Bolivia,Home,content_programming,4699586.19
2026-04,Bolivia,B2B,interconnection_capacity,1929247.32
2026-04,Bolivia,Tigo_Money,mfs_transaction,400614.71
2026-04,Bolivia,Equipment,device_cogs,2283126.25
2026-05,Bolivia,Mobile_Prepaid,interconnection_commissions,2796091.5
2026-05,Bolivia,Mobile_Postpaid,interconnection_roaming,1844588.64
2026-05,Bolivia,Home,content_programming,4734235.8
2026-05,Bolivia,B2B,interconnection_capacity,1936688.1
2026-05,Bolivia,Tigo_Money,mfs_transaction,398603.17
2026-05,Bolivia,Equipment,device_cogs,2268099.47
2026-06,Bolivia,Mobile_Prepaid,interconnection_commissions,2644846.11
2026-06,Bolivia,Mobile_Postpaid,interconnection_roaming,1840857.59
2026-06,Bolivia,Home,content_programming,4591951.02
2026-06,Bolivia,B2B,interconnection_capacity,1947663.25
2026-06,Bolivia,Tigo_Money,mfs_transaction,395364.89
2026-06,Bolivia,Equipment,device_cogs,2267226.86
2024-01,Paraguay,Mobile_Prepaid,interconnection_commissions,2528001.52
2024-01,Paraguay,Mobile_Postpaid,interconnection_roaming,1546184.4
2024-01,Paraguay,Home,content_programming,4178415.63
2024-01,Paraguay,B2B,interconnection_capacity,1696316.59
2024-01,Paraguay,Tigo_Money,mfs_transaction,363763.98
2024-01,Paraguay,Equipment,device_cogs,1973082.35
2024-02,Paraguay,Mobile_Prepaid,interconnection_commissions,2564872.67
2024-02,Paraguay,Mobile_Postpaid,interconnection_roaming,1588795.32
2024-02,Paraguay,Home,content_programming,4179529.05
2024-02,Paraguay,B2B,interconnection_capacity,1715436.9
2024-02,Paraguay,Tigo_Money,mfs_transaction,355558.32
2024-02,Paraguay,Equipment,device_cogs,1929442.24
2024-03,Paraguay,Mobile_Prepaid,interconnection_commissions,2575411.72
2024-03,Paraguay,Mobile_Postpaid,interconnection_roaming,1595567.57
2024-03,Paraguay,Home,content_programming,4169783.16
2024-03,Paraguay,B2B,interconnection_capacity,1717702.0
2024-03,Paraguay,Tigo_Money,mfs_transaction,351135.78
2024-03,Paraguay,Equipment,device_cogs,1938349.85
2024-04,Paraguay,Mobile_Prepaid,interconnection_commissions,2599810.22
2024-04,Paraguay,Mobile_Postpaid,interconnection_roaming,1639088.71
2024-04,Paraguay,Home,content_programming,4166222.26
2024-04,Paraguay,B2B,interconnection_capacity,1682410.07
2024-04,Paraguay,Tigo_Money,mfs_transaction,359139.14
2024-04,Paraguay,Equipment,device_cogs,1945529.63
2024-05,Paraguay,Mobile_Prepaid,interconnection_commissions,2644616.19
2024-05,Paraguay,Mobile_Postpaid,interconnection_roaming,1607908.8
2024-05,Paraguay,Home,content_programming,4339053.24
2024-05,Paraguay,B2B,interconnection_capacity,1729215.88
2024-05,Paraguay,Tigo_Money,mfs_transaction,348495.92
2024-05,Paraguay,Equipment,device_cogs,1931449.64
2024-06,Paraguay,Mobile_Prepaid,interconnection_commissions,2591535.86
2024-06,Paraguay,Mobile_Postpaid,interconnection_roaming,1627169.0
2024-06,Paraguay,Home,content_programming,4280639.05
2024-06,Paraguay,B2B,interconnection_capacity,1718673.74
2024-06,Paraguay,Tigo_Money,mfs_transaction,353652.37
2024-06,Paraguay,Equipment,device_cogs,1976113.7
2024-07,Paraguay,Mobile_Prepaid,interconnection_commissions,2649254.44
2024-07,Paraguay,Mobile_Postpaid,interconnection_roaming,1617870.76
2024-07,Paraguay,Home,content_programming,4111759.23
2024-07,Paraguay,B2B,interconnection_capacity,1692988.22
2024-07,Paraguay,Tigo_Money,mfs_transaction,362990.84
2024-07,Paraguay,Equipment,device_cogs,1995732.91
2024-08,Paraguay,Mobile_Prepaid,interconnection_commissions,2624115.5
2024-08,Paraguay,Mobile_Postpaid,interconnection_roaming,1623616.0
2024-08,Paraguay,Home,content_programming,4229283.21
2024-08,Paraguay,B2B,interconnection_capacity,1732067.49
2024-08,Paraguay,Tigo_Money,mfs_transaction,359597.16
2024-08,Paraguay,Equipment,device_cogs,1987060.54
2024-09,Paraguay,Mobile_Prepaid,interconnection_commissions,2601554.45
2024-09,Paraguay,Mobile_Postpaid,interconnection_roaming,1605876.88
2024-09,Paraguay,Home,content_programming,4138699.03
2024-09,Paraguay,B2B,interconnection_capacity,1694279.28
2024-09,Paraguay,Tigo_Money,mfs_transaction,355175.97
2024-09,Paraguay,Equipment,device_cogs,1983437.05
2024-10,Paraguay,Mobile_Prepaid,interconnection_commissions,2609328.64
2024-10,Paraguay,Mobile_Postpaid,interconnection_roaming,1638694.28
2024-10,Paraguay,Home,content_programming,4234743.76
2024-10,Paraguay,B2B,interconnection_capacity,1732745.36
2024-10,Paraguay,Tigo_Money,mfs_transaction,357864.99
2024-10,Paraguay,Equipment,device_cogs,2020280.05
2024-11,Paraguay,Mobile_Prepaid,interconnection_commissions,2601645.02
2024-11,Paraguay,Mobile_Postpaid,interconnection_roaming,1615739.18
2024-11,Paraguay,Home,content_programming,4232521.3
2024-11,Paraguay,B2B,interconnection_capacity,1694235.66
2024-11,Paraguay,Tigo_Money,mfs_transaction,351892.13
2024-11,Paraguay,Equipment,device_cogs,1966451.53
2024-12,Paraguay,Mobile_Prepaid,interconnection_commissions,2669060.91
2024-12,Paraguay,Mobile_Postpaid,interconnection_roaming,1598935.37
2024-12,Paraguay,Home,content_programming,4260347.67
2024-12,Paraguay,B2B,interconnection_capacity,1739198.92
2024-12,Paraguay,Tigo_Money,mfs_transaction,368020.27
2024-12,Paraguay,Equipment,device_cogs,1951312.99
2025-01,Paraguay,Mobile_Prepaid,interconnection_commissions,2639431.0
2025-01,Paraguay,Mobile_Postpaid,interconnection_roaming,1664989.53
2025-01,Paraguay,Home,content_programming,4162985.0
2025-01,Paraguay,B2B,interconnection_capacity,1733291.69
2025-01,Paraguay,Tigo_Money,mfs_transaction,370005.77
2025-01,Paraguay,Equipment,device_cogs,1973943.01
2025-02,Paraguay,Mobile_Prepaid,interconnection_commissions,2629380.77
2025-02,Paraguay,Mobile_Postpaid,interconnection_roaming,1608008.73
2025-02,Paraguay,Home,content_programming,4298631.45
2025-02,Paraguay,B2B,interconnection_capacity,1733574.65
2025-02,Paraguay,Tigo_Money,mfs_transaction,368804.25
2025-02,Paraguay,Equipment,device_cogs,2015896.21
2025-03,Paraguay,Mobile_Prepaid,interconnection_commissions,2621318.57
2025-03,Paraguay,Mobile_Postpaid,interconnection_roaming,1610691.13
2025-03,Paraguay,Home,content_programming,4253618.18
2025-03,Paraguay,B2B,interconnection_capacity,1744537.64
2025-03,Paraguay,Tigo_Money,mfs_transaction,371285.82
2025-03,Paraguay,Equipment,device_cogs,1993048.81
2025-04,Paraguay,Mobile_Prepaid,interconnection_commissions,2644542.96
2025-04,Paraguay,Mobile_Postpaid,interconnection_roaming,1644965.53
2025-04,Paraguay,Home,content_programming,4289795.31
2025-04,Paraguay,B2B,interconnection_capacity,1753430.72
2025-04,Paraguay,Tigo_Money,mfs_transaction,361808.08
2025-04,Paraguay,Equipment,device_cogs,1982676.84
2025-05,Paraguay,Mobile_Prepaid,interconnection_commissions,2679210.98
2025-05,Paraguay,Mobile_Postpaid,interconnection_roaming,1588572.97
2025-05,Paraguay,Home,content_programming,4338741.98
2025-05,Paraguay,B2B,interconnection_capacity,1767426.16
2025-05,Paraguay,Tigo_Money,mfs_transaction,365905.35
2025-05,Paraguay,Equipment,device_cogs,2008045.2
2025-06,Paraguay,Mobile_Prepaid,interconnection_commissions,2718744.65
2025-06,Paraguay,Mobile_Postpaid,interconnection_roaming,1629204.25
2025-06,Paraguay,Home,content_programming,4299964.8
2025-06,Paraguay,B2B,interconnection_capacity,1770727.38
2025-06,Paraguay,Tigo_Money,mfs_transaction,371373.09
2025-06,Paraguay,Equipment,device_cogs,2051276.37
2025-07,Paraguay,Mobile_Prepaid,interconnection_commissions,2635845.63
2025-07,Paraguay,Mobile_Postpaid,interconnection_roaming,1619334.26
2025-07,Paraguay,Home,content_programming,4231274.73
2025-07,Paraguay,B2B,interconnection_capacity,1774617.83
2025-07,Paraguay,Tigo_Money,mfs_transaction,373750.75
2025-07,Paraguay,Equipment,device_cogs,2067844.11
2025-08,Paraguay,Mobile_Prepaid,interconnection_commissions,2681557.18
2025-08,Paraguay,Mobile_Postpaid,interconnection_roaming,1658031.05
2025-08,Paraguay,Home,content_programming,4285288.62
2025-08,Paraguay,B2B,interconnection_capacity,1759399.42
2025-08,Paraguay,Tigo_Money,mfs_transaction,376856.25
2025-08,Paraguay,Equipment,device_cogs,2016980.4
2025-09,Paraguay,Mobile_Prepaid,interconnection_commissions,2678517.16
2025-09,Paraguay,Mobile_Postpaid,interconnection_roaming,1692341.38
2025-09,Paraguay,Home,content_programming,4285327.55
2025-09,Paraguay,B2B,interconnection_capacity,1787573.22
2025-09,Paraguay,Tigo_Money,mfs_transaction,370520.1
2025-09,Paraguay,Equipment,device_cogs,2051087.91
2025-10,Paraguay,Mobile_Prepaid,interconnection_commissions,2698976.84
2025-10,Paraguay,Mobile_Postpaid,interconnection_roaming,1662749.51
2025-10,Paraguay,Home,content_programming,4418925.6
2025-10,Paraguay,B2B,interconnection_capacity,1759692.82
2025-10,Paraguay,Tigo_Money,mfs_transaction,373013.54
2025-10,Paraguay,Equipment,device_cogs,1981225.94
2025-11,Paraguay,Mobile_Prepaid,interconnection_commissions,2699967.7
2025-11,Paraguay,Mobile_Postpaid,interconnection_roaming,1662313.03
2025-11,Paraguay,Home,content_programming,4295241.6
2025-11,Paraguay,B2B,interconnection_capacity,1762708.18
2025-11,Paraguay,Tigo_Money,mfs_transaction,369701.5
2025-11,Paraguay,Equipment,device_cogs,2036580.23
2025-12,Paraguay,Mobile_Prepaid,interconnection_commissions,2703212.14
2025-12,Paraguay,Mobile_Postpaid,interconnection_roaming,1676523.94
2025-12,Paraguay,Home,content_programming,4328252.56
2025-12,Paraguay,B2B,interconnection_capacity,1789226.55
2025-12,Paraguay,Tigo_Money,mfs_transaction,367377.75
2025-12,Paraguay,Equipment,device_cogs,2125016.22
2026-01,Paraguay,Mobile_Prepaid,interconnection_commissions,2703552.56
2026-01,Paraguay,Mobile_Postpaid,interconnection_roaming,1676647.33
2026-01,Paraguay,Home,content_programming,4259888.16
2026-01,Paraguay,B2B,interconnection_capacity,1795569.27
2026-01,Paraguay,Tigo_Money,mfs_transaction,376251.97
2026-01,Paraguay,Equipment,device_cogs,2044235.11
2026-02,Paraguay,Mobile_Prepaid,interconnection_commissions,2725558.76
2026-02,Paraguay,Mobile_Postpaid,interconnection_roaming,1687169.72
2026-02,Paraguay,Home,content_programming,4428988.55
2026-02,Paraguay,B2B,interconnection_capacity,1800518.39
2026-02,Paraguay,Tigo_Money,mfs_transaction,379531.95
2026-02,Paraguay,Equipment,device_cogs,2026233.18
2026-03,Paraguay,Mobile_Prepaid,interconnection_commissions,2793408.22
2026-03,Paraguay,Mobile_Postpaid,interconnection_roaming,1663489.9
2026-03,Paraguay,Home,content_programming,4470170.67
2026-03,Paraguay,B2B,interconnection_capacity,1799952.57
2026-03,Paraguay,Tigo_Money,mfs_transaction,382227.45
2026-03,Paraguay,Equipment,device_cogs,2064764.37
2026-04,Paraguay,Mobile_Prepaid,interconnection_commissions,2701787.93
2026-04,Paraguay,Mobile_Postpaid,interconnection_roaming,1718509.04
2026-04,Paraguay,Home,content_programming,4349106.11
2026-04,Paraguay,B2B,interconnection_capacity,1786595.56
2026-04,Paraguay,Tigo_Money,mfs_transaction,374690.34
2026-04,Paraguay,Equipment,device_cogs,2073256.06
2026-05,Paraguay,Mobile_Prepaid,interconnection_commissions,2667226.02
2026-05,Paraguay,Mobile_Postpaid,interconnection_roaming,1719809.76
2026-05,Paraguay,Home,content_programming,4795004.53
2026-05,Paraguay,B2B,interconnection_capacity,1790779.88
2026-05,Paraguay,Tigo_Money,mfs_transaction,377080.19
2026-05,Paraguay,Equipment,device_cogs,2076762.25
2026-06,Paraguay,Mobile_Prepaid,interconnection_commissions,2781660.46
2026-06,Paraguay,Mobile_Postpaid,interconnection_roaming,1686205.92
2026-06,Paraguay,Home,content_programming,4750914.23
2026-06,Paraguay,B2B,interconnection_capacity,1810124.3
2026-06,Paraguay,Tigo_Money,mfs_transaction,381029.01
2026-06,Paraguay,Equipment,device_cogs,2087717.14
